,href,Date,City,State,Country,Shape,Summary,Reported,Media,Explanation
0,https://nuforc.org//sighting/?id=226,12/29/1994 21:45,La Crosse,WA,USA,Chevron,"Three seemingly identical black, delta-shaped, ships with a very bright yellow or white ""headlight.""",,Y,
1,https://nuforc.org//sighting/?id=250,01/07/1995 17:30,McMinnville,TN,USA,,"TN Emer. Man. Agency reports UFO-related flash/explosion near McMinnville, TN.  8-page fax from sheriff's office. Fed. agents.",,,
2,https://nuforc.org//sighting/?id=753,08/25/1995 00:40,Adamsville,PA,USA,,"Mother, daughter, friend witness huge, lighted ball streak overhead.  ""Turned whole sky blue.""  Flew N to S.  Size of full moon.",,,
3,https://nuforc.org//sighting/?id=770,08/25/1995 01:30,Breezewood,PA,USA,,"Prof. race car driver encounters bizarre, bright blue obj. hovering above ground in lonely valley.  Obj. strobes blue, green, streaks",,,
4,https://nuforc.org//sighting/?id=835,09/15/1995 22:00,New York City,NY,USA,,"Woman reports many passengers aboard Staten Isl. ferry witness huge craft rise from, roil water!  Excellent report!  Video prepared.",,,
5,https://nuforc.org//sighting/?id=2047,05/27/1997 11:33,,,Australia,Rectangle,a black metallic mass that looked similar to an aircraft carrier on its side (approx length 1500ft long-200-400ft across),,,
6,https://nuforc.org//sighting/?id=2496,07/04/1997 22:00,"Granite City (5min.from St.Louis,MO.)",IL,USA,Light,A blue-green light moved so fast across the sky I had to turn my head to keep up with it.,,,
7,https://nuforc.org//sighting/?id=4192,09/03/1967 21:00,Crestone (near Alamosa),CO,USA,Fireball,"Saw 3 house size balls of fire come straight down, turn to fly horizontal straight at us for 40 miles in 3-4 seconds then pass out of s",,,
8,https://nuforc.org//sighting/?id=9958,06/15/1977 03:00,"U.S.Navy-USS Glover AGFF-1-Burmuda Triangle, FL",,Puerto Rico/Burmuda (between),Circle,"I was on watch above the bridge port side when a bright red,orange-round object came out of the sky & approached our ship.The starboard",,,
9,https://nuforc.org//sighting/?id=27412,01/24/2003 18:13,Kingston (Canada),ON,Canada,Triangle,black equilateral triangle with 3 glowing white dome lights at tips... directly above my car,,Y,
10,https://nuforc.org//sighting/?id=28309,03/08/2003 20:15,Greenbelt area,MD,USA,Chevron,"Totally Silent 'Flying Wing' Seen Twice Within D.C. Beltway, March 8, 2003",,Y,
11,https://nuforc.org//sighting/?id=28647,05/01/2003 22:00,Seattle (West Seattle),WA,USA,Triangle,"Silent, triangular craft sighted over West Seattle",,Y,
12,https://nuforc.org//sighting/?id=28653,02/16/2003 23:00,Seattle (Juanita area),WA,USA,,"I saw a  GIGANTIC jet black triangle, with lights, come very slowly towards me",,Y,
13,https://nuforc.org//sighting/?id=29019,06/15/1978 21:00,Mancelona,MI,USA,Disk,"We thought our foster daughter was kidding us, until we saw the metallic saucer shaped object humming loudly over the Michigan farmland",,Y,
14,https://nuforc.org//sighting/?id=29623,05/29/1971 21:00,Palos Verde (northeast of),CA,USA,Sphere,"There seemed to be no dissipation of the glow coming from the sphere. It surrounded it, stretched in one direction and stopped!?",,,
15,https://nuforc.org//sighting/?id=29665,07/06/2003 00:00,Undisclosed,,Unspecified,Unknown,"HBCCUFO CANADIAN REPORT:  Pictures Of An Unknown Craft, Daylight Sighting.",,,
16,https://nuforc.org//sighting/?id=30517,05/15/1977 08:00,Elmont,VA,USA,Disk,silver disk near Elmont Elementary School in 1977,,,
17,https://nuforc.org//sighting/?id=31563,09/17/2003 20:30,Atlanta,GA,USA,Egg,"Floating, silent panel of lights",,Y,
18,https://nuforc.org//sighting/?id=34306,01/04/2004 14:30,Fort Myers,FL,USA,Disk,"A silver disk with a bulge on one face, maybe 30 feet across, reflected sunlight and bobbed around at 3-5000 feet.",,Y,
19,https://nuforc.org//sighting/?id=34726,10/24/1973 00:00,Jacksonville Beach,FL,USA,Changing,You may be surprised that I am reporting this after 30 years. I remember the date clearly as I told myself I would never forget. I have,,,
20,https://nuforc.org//sighting/?id=35767,03/17/2004 12:15,Santa Monica,CA,USA,Sphere,The craft came from the West out over the Pacific Ocean.  It was flying much higher than the Commercial Jet Traffic over Los Angeles.,,Y,
21,https://nuforc.org//sighting/?id=35806,05/20/1978 17:00,Atlantic Ocean/Caribbean sea,,Unspecified,Unknown,Supersonic clouds,,,
22,https://nuforc.org//sighting/?id=36100,04/10/2004 06:00,,CO,USA,,10 silver disks moving rapidly along the front range in colorado springs,,,
23,https://nuforc.org//sighting/?id=38086,04/02/1983 00:00,dont know,,Unspecified,,"Hi,  I’m writing to you because I wanted to talk to someone professional about my experiences. Never have I heard anyone talk about wha",,,
24,https://nuforc.org//sighting/?id=38281,03/01/1980 00:30,Oxford,CT,USA,Cigar,Large Cigar shaped object very close.,,Y,
25,https://nuforc.org//sighting/?id=39088,09/03/2004 03:30,Akureyri (Iceland),,Iceland,Light,Car buzzed by a bright object,,,
26,https://nuforc.org//sighting/?id=41489,01/12/2005 19:05,Lancaster,CA,USA,Triangle,Triangular craft flies over highway... low altitude... then disappears only to reappear later,,Y,
27,https://nuforc.org//sighting/?id=42312,04/01/1945 10:00,Pacific Ocean,,Unspecified,Disk,"April, 1945 I saw a disc over our ship, all day as we neard Okinawa.",,,
28,https://nuforc.org//sighting/?id=43302,03/01/1994 02:00,"Atlantic Ocean (inflight, USN P-3)",,Atlantic Ocean,Cylinder,Dramatic P-3 Orion Encounter,,,
29,https://nuforc.org//sighting/?id=43303,04/10/1974 07:10,Hallsville,OH,USA,Sphere,Lighted sphere observed hovering in morning sky.,,,
30,https://nuforc.org//sighting/?id=43465,04/09/2005 19:09,Sidney,TX,USA,Triangle,English words identified on black triangular craft.,,Y,
31,https://nuforc.org//sighting/?id=43933,05/13/2005 00:18,Kirkland,WA,USA,Triangle,Black Triangle,,Y,
32,https://nuforc.org//sighting/?id=45433,04/01/1998 03:00,,,Unspecified,Triangle,"Around five years ago, while on one of my many engineering rated work assignments, I spotted three very large triangular objects",,,
33,https://nuforc.org//sighting/?id=46249,06/02/2005 18:00,St. Louis,MO,USA,Cylinder,"Bizarre, shiny, cylindrical object that moved intelligently for 15 minutes in broad daylight (St. Louis).",,Y,
34,https://nuforc.org//sighting/?id=46868,06/26/1972 10:00,Fort Beaufort (South Africa),,South Africa,Egg,Police officers fire shots at UFO in South Africa,,,
35,https://nuforc.org//sighting/?id=49035,03/17/1976 18:00,Los Angeles,CA,USA,Disk,I could see vehicles driving eastbound on the 134 freeway & the UFOs passing over the top of them.,,,
36,https://nuforc.org//sighting/?id=53115,10/27/2006 20:00,Hutchinson,KS,USA,Triangle,"Big, silent V-shaped craft with about 8 circle shaped  very dark dimmed lights or windows fly over home.",,Y,
37,https://nuforc.org//sighting/?id=54781,08/15/2005 21:00,USS Enterprise (at sea),,Unspecified,,Unknown craft lands on carrier deck.,,,
38,https://nuforc.org//sighting/?id=56012,03/30/2007 14:15,Rockville,MD,USA,Cigar,"I was taking a break and laying on the sidewalk in front of our office looking straight up into the sky. The weather was clear, visibil",,Y,
39,https://nuforc.org//sighting/?id=56407,02/10/1999 23:00,Lake Makokibatan (Canada),ON,Canada,Orb,Orange sphere descends and touches surface of wilderness lake.,,,
40,https://nuforc.org//sighting/?id=61043,01/08/2008 19:00,Salado,TX,USA,Formation,Very immense in size. Maybe related to stepheville sighting,,,
41,https://nuforc.org//sighting/?id=61591,12/21/2007 22:00,Flushing,NY,USA,Triangle,Triangle shaped object with red lights in New York,,Y,
42,https://nuforc.org//sighting/?id=62711,06/01/1950 16:00,Philadelphia,MS,USA,Disk,Childhood sighting of disk witnessed by mother and sons.,,,
43,https://nuforc.org//sighting/?id=64261,07/02/2008 16:20,Lexington,KY,USA,Cross,Transparent  cross shaped object  at high altitude caught glare from sun and vanished seconds later,,Y,
44,https://nuforc.org//sighting/?id=64323,07/04/2008 22:35,Excelsior,MN,USA,Formation,"Formation of 10 to 12 square shaped objects observed over Excelsior, MN",,Y,
45,https://nuforc.org//sighting/?id=67637,09/07/1997 12:00,Gulf of Mexico,LA,USA,Cigar,Mercury colored Cigar shaped USO surfaced near Oil Plarform in Gulf of Mexico,,,
46,https://nuforc.org//sighting/?id=67734,10/01/1981 20:00,Hesperia,MI,USA,Oval,Two people in car see green oval object and lost time,,,
47,https://nuforc.org//sighting/?id=68600,12/19/1999 15:00,Rio Piedras,PR,USA,Rectangle,A huge rectangular craft with metal ibeams containg a yellow cylinder   I was on the roof of my house  about to clean the leaves wh,,,
48,https://nuforc.org//sighting/?id=68697,06/16/1071 13:48,Poughkeepsie,NY,USA,Disk,"Approximately at 15:00 my friend spotted object in sky.  He said to me ""hey there is one of those UFO's they talk about"".  I thought he",,,
49,https://nuforc.org//sighting/?id=75647,06/01/2010 22:56,Rouyn-Noranda,QC,Canada,Triangle,Black triangle / lights formation in triangle shape sighting with sound,,Y,
50,https://nuforc.org//sighting/?id=75667,06/02/2010 21:10,Tempe,AZ,USA,Disk,"Saucer shape, flying over Tempe, 6-7 white lights making a pattern as flew south. June 2, 2010 at apx, 9:10pm.",,Y,
51,https://nuforc.org//sighting/?id=76914,05/22/1973 23:00,"Atlantic Ocean (USCG Cutter ""Spencer"")",,Unspecified,,UFO sighting aboard Coast Guard Cutter Spencer,,,
52,https://nuforc.org//sighting/?id=77132,08/11/2010 01:00,Kent,WA,USA,Triangle,"Triangle UFO witnessed in Kent, Washinton at about 1am on Wednesday morning, 8/11/10.",,Y,
53,https://nuforc.org//sighting/?id=81213,05/08/2011 22:30,Bayfield,CO,USA,Diamond,"Diamond-shaped craft near Bayfield, CO.",,Y,
54,https://nuforc.org//sighting/?id=82471,07/13/2011 15:30,Gulf of Mexico,LA,USA,Cylinder,Cylinder -shaped object 75 miles offshore the Gulf of Mexico between Texas and Louisiana border,,,
55,https://nuforc.org//sighting/?id=85621,11/16/2011 18:00,Berlin,WI,USA,Circle,Row of vertical rectangular lights framed by darkness illuminated a circular matte gray object.,,Y,
56,https://nuforc.org//sighting/?id=87319,04/28/2011 15:30,Singapore/Borneo (between) (in flight),,Singapore,Triangle,Black triangular object seen overtaking airplane during flight in Southeast Asia,,,
57,https://nuforc.org//sighting/?id=97928,05/22/2013 06:30,In flight,,Unspecified,Sphere,Unexplained glowing sphere in-flight en-route to LAX.  ((NUFORC Note:  Report from airline pilot.  PD)),,,
58,https://nuforc.org//sighting/?id=101320,08/19/2013 20:20,Galatia,IL,USA,Cylinder,"Aircraft with three large triangles of lights, one red triangle with two white triangles on each side rose from a nearby field.",,Y,
59,https://nuforc.org//sighting/?id=102673,09/26/2013 20:23,Turlock,CA,USA,Chevron,"Observed a ""V"" shaped UFO with 15 whitish-yellow lights traverse 105 degrees of sky in 10 seconds, on a heading of 150.",,Y,
60,https://nuforc.org//sighting/?id=103157,07/08/1947 00:00,,,Unspecified,,Crash site photo album.,,,
61,https://nuforc.org//sighting/?id=105032,12/01/2013 19:37,Oklahoma City (near),OK,USA,Circle,Bright orange-ish round objects over I-35,,Y,
62,https://nuforc.org//sighting/?id=116486,12/08/2014 22:00,Military training site,NM,USA,Formation,Three lights near our training site.,,Y,
63,https://nuforc.org//sighting/?id=117121,02/01/2015 19:40,Tempe,AZ,USA,Triangle,"I live in Tempe, AZ, a city in the Phoenix metroplex area.  As you are probably aware, the Super Bowl was hosted here in Pho",,Y,
64,https://nuforc.org//sighting/?id=117619,03/05/2015 04:14,Stillwater,MN,USA,Triangle,Black triangle with 3 white lights and center red light.,,Y,
65,https://nuforc.org//sighting/?id=117716,03/09/2015 20:35,Florence,OR,USA,Other,Dark dome shaped object over house.,,Y,
66,https://nuforc.org//sighting/?id=118681,01/15/2015 02:30,"Lordsburg (E of, on I-10; 10 mi. W of AZ)",NM,USA,Triangle,"Large, unmarked, grey triangle shaped craft with bowl shaped hull underside as if to deflect heat upon re-entry under camo-net.",,Y,
67,https://nuforc.org//sighting/?id=119972,09/29/2012 06:50,Lively,VA,USA,Cylinder,"Adult male witnesses very bizarre-looking ""tube-shaped"" object in the vicinity of his home.",,Y,
68,https://nuforc.org//sighting/?id=123342,03/17/1969 20:00,Odessa,WA,USA,Disk,"Brilliant metallic, glowing disc shaped craft with red & blue lights in circle at bottom seen in Odessa, WA, 1969.",,Y,
69,https://nuforc.org//sighting/?id=124892,06/30/1967 22:00,out at sea east coast U.S.,,Internatonal Waters,Light,UFO spotted by U.S Navy ship out at sea in the year of 1967.,,,
70,https://nuforc.org//sighting/?id=125121,01/03/2016 23:00,Woodbury,MN,USA,Triangle,"Triangular aircraft with blue/pink lights arranged into a triangle at the base, blinking every second, quiet & hovering low in the sky.",,Y,
71,https://nuforc.org//sighting/?id=125205,09/13/2010 23:30,Hoffman,NC,USA,Triangle,"Enormous black triangle observed by soldiers training near Camp Mackall, NC.",,Y,
72,https://nuforc.org//sighting/?id=125792,02/10/2016 05:15,Lebanon,OR,USA,Orb,Large circular craft flew silently over man walking his dog.,,Y,
73,https://nuforc.org//sighting/?id=126817,04/11/2015 23:55,Hayward,CA,USA,Disk,"Large, Green UFO saucer sighted flying over San Francisco Bay.  Size:  100 Yards across!  Very clear details.",,Y,
74,https://nuforc.org//sighting/?id=127376,05/12/2016 23:20,Shanghai (China),,China,Triangle,"Triangular (V-shaped) flying object spotted in Shanghai, China near Hongqio airport (2016/05/12 @ 23:20)",,Y,
75,https://nuforc.org//sighting/?id=127386,09/18/2015 22:20,Jemez Springs,NM,USA,Diamond,Diamond shape objects flying low altitude in Jemez Springs.,,Y,
76,https://nuforc.org//sighting/?id=127734,06/06/2016 10:30,Cedarcreek,MO,USA,Cigar,"Spindle-shaped object with no wings, no sound, no vapor trail seen in clear sky in daylight.",,Y,
77,https://nuforc.org//sighting/?id=129302,08/16/2016 04:10,Edison,NJ,USA,Triangle,Lighted  Triangular Crafts sighted within minutes of each other HIGH OVERHEAD.,,Y,
78,https://nuforc.org//sighting/?id=129626,08/13/2016 21:00,Teston (UK/England),,United Kingdom,Triangle,Triangular object with white & blue lights.,,Y,
79,https://nuforc.org//sighting/?id=130601,10/11/2016 13:35,Ocean Shores,WA,USA,Circle,Saw a large white ball with tail made it look like Star Ship Enterprise clear sky.,,Y,
80,https://nuforc.org//sighting/?id=131630,12/04/2016 22:40,Huntington Beach,CA,USA,Chevron,Fast-moving craft with gray lights over suburban Huntington Beach.,,Y,
81,https://nuforc.org//sighting/?id=131701,12/10/2016 18:30,Lahaina,HI,USA,Rectangle,"White/blue bright object travelling west @ 6:30 pm over Pacific Ocean in Lahaina, HI.",,Y,
82,https://nuforc.org//sighting/?id=131791,12/15/2016 20:00,Davie,FL,USA,Egg,Ultra-Bright White Blimp like Object.  ((anonymous report)),,Y,
83,https://nuforc.org//sighting/?id=132106,06/15/1997 18:00,Borrego Springs,CA,USA,Orb,"Superstition Hill UFO sighting summer 1997  I went camping off of Old Kane Springs Road, Borrego Springs, California just south of High",,Y,
84,https://nuforc.org//sighting/?id=132359,01/28/2017 20:50,Sahuarita,AZ,USA,Formation,"Formation of steady, orange lights east of Sahuarita AZ traveling SSW.  Visible for appx. 6 minutes.",,Y,
85,https://nuforc.org//sighting/?id=132704,06/20/2015 13:30,Tulsa,OK,USA,Sphere,"It was approximately noon in southern Tulsa, and my sister, mother and I were headed back from lunch. We saw a strange coppery, round o",,Y,
86,https://nuforc.org//sighting/?id=133724,04/19/2017 23:55,Newton,AL,USA,Triangle,Silent triangle UFO.,,Y,
87,https://nuforc.org//sighting/?id=133835,04/25/2017 23:45,Ponca City,OK,USA,Circle,"Flying on American airline flight 299 to Tulsa, saw 2 craft.  One a half circle with two lights bordering the entire outer edge.",,Y,
88,https://nuforc.org//sighting/?id=135305,07/22/2017 22:15,Montreal (Canada),QC,Canada,Triangle,"Green illuminated ""V"" shape seen above Montreal, Quebec, Canada. ((NUFORC Note:  Witness is skilled & highly educated scientist.  PD))",,Y,
89,https://nuforc.org//sighting/?id=136100,09/09/2017 22:30,Monroe,OH,USA,Light,"Formation of red lights over Monroe, Ohio.",,Y,
90,https://nuforc.org//sighting/?id=136234,09/18/2017 22:55,Superior,CO,USA,Chevron,"Large, fast chevron flies directly overhead.",,Y,
91,https://nuforc.org//sighting/?id=136360,09/24/2017 20:45,Mount Holly,NC,USA,Light,"A formation of bright yellow-orange lights, motionless, and electrical effects.",,Y,
92,https://nuforc.org//sighting/?id=137810,12/14/2017 19:00,Santa Fe,NM,USA,Triangle,"Triangular object with bright green lights near Santa Fe, NM.",,Y,
93,https://nuforc.org//sighting/?id=139102,10/01/1991 14:00,Algiers (Algeria),,Algeria,Disk,Silver-colored aircraft over Algeria.,,Y,
94,https://nuforc.org//sighting/?id=139369,03/17/2010 11:32,Plano,IL,USA,Disk,Daytime flying saucer that was in between its cloaking phase,,Y,
95,https://nuforc.org//sighting/?id=143381,10/04/2018 21:30,SE Arizona (I-10 EB),AZ,USA,Disk,Translucent saucer shaped object with bright Peridot green almost hypnotic bright lights on both ends,,,
96,https://nuforc.org//sighting/?id=143562,10/23/2018 06:05,Winston-Salem,NC,USA,Triangle,At 6 am today (10-23-2018) to have a cigarette and a minute or two later directly above me was a object 100ft wide 50ft length.,,Y,
97,https://nuforc.org//sighting/?id=143949,11/30/2018 22:30,Seven Devils,NC,USA,Rectangle,"Football field sized rectangle, black, near Boone N.C. that disappeared at a high rate of speed.",,Y,
98,https://nuforc.org//sighting/?id=144281,01/03/2019 17:20,Easthampton,MA,USA,Diamond,Bright white lights of a diamond shaped craft seen above Connecticut river on Easthampton/Northampton line (rt. 5).,,Y,
99,https://nuforc.org//sighting/?id=144954,07/01/1993 12:00,Lexington,KY,USA,Teardrop,"Craft in Lexington, teardrop shaped, near University of Kentucky, appearing to children.",,Y,
100,,,,,,,,,,
101,https://nuforc.org//sighting/?id=183257,09/28/2024 20:15,Spearfish,SD,USA,Chevron,Larger than football field sized craft few over the sky in less than 10 seconds,,Y,
102,https://nuforc.org//sighting/?id=184362,09/27/2024 21:00,Moose Heights,BC,Canada,Circle,Very large circle shaped craft sitting close to ground with large bright green lighted square lights. The lights made a circle shape,,,
103,https://nuforc.org//sighting/?id=184519,09/22/2024 22:00,,,Greenland,Diamond,"Flying from Greenlands horizon directly under our airplane. Could fly as close as less than 10 m bellow us, almost like taunting us.",,,
104,https://nuforc.org//sighting/?id=183211,09/22/2024 01:30,La Crosse,WI,USA,Orb,Hovering above the ground and then accelerated away a great speed.,,,
105,https://nuforc.org//sighting/?id=184505,09/20/2024 21:00,Marathon,FL,USA,Triangle,Craft directly above traveling at 60mph completely silent no exhaust no signs of engines propulsion systems no lights no markings or #s,,,
106,https://nuforc.org//sighting/?id=183105,09/18/2024 13:00,League City,TX,USA,Sphere,I saw a dark basketball sized sphere passing my window while flying a small plane.,,,
107,https://nuforc.org//sighting/?id=183083,09/17/2024 14:26,Avenal,CA,USA,Cylinder,ATC report of Pilot Sighting,,,
108,https://nuforc.org//sighting/?id=183084,09/17/2024 14:25,Reef Station,CA,USA,Cylinder,Gray cylinder passing 10ft underneath military aircraft,,,
109,https://nuforc.org//sighting/?id=183085,09/17/2024 05:14,Ponte Vedra Beach,FL,USA,Egg,Quick but clearly seen,,,
110,https://nuforc.org//sighting/?id=184122,09/15/2024 19:25,Cañon City,CO,USA,Sphere,"~3' dia dull metallic sphere seen 125' away, and 50' high",,Y,
111,https://nuforc.org//sighting/?id=183985,09/15/2024 19:25,Cañon City,CO,USA,Sphere,"~3' dia dull metallic sphere seen 125' away, and 50' high",,Y,
112,https://nuforc.org//sighting/?id=183172,09/08/2024 21:23,Oostende,West Flanders,Belgium,Orb,Approx. 5-foot wide orb that was the mixed color of fire encapsulated in glass hovered above rural tree line before disappearing,,,
113,https://nuforc.org//sighting/?id=182915,09/03/2024 20:30,Northampton,MA,USA,Diamond,Sighting of a black diamond shaped flying object about 30' wide with lights on each corner,,,
114,https://nuforc.org//sighting/?id=182888,09/02/2024 00:20,Chelyan,WV,USA,Changing,Driving S on Rt. 61 I noticed the clouds towards the SE were emitting this almost neon/electric blue color from behind it. Got a video,,Y,
115,https://nuforc.org//sighting/?id=182855,08/31/2024 23:45,Nacogdoches,TX,USA,Other,V shaped UFO,,,
116,https://nuforc.org//sighting/?id=182863,08/28/2024 23:00,,,International Waters,Light,Up to six satellite appearing lights under and to west of Big Dipper tail,,Y,
117,https://nuforc.org//sighting/?id=184363,08/24/2024 21:22,Cleveland,OH,USA,Formation,Glob of lights in a stationary position slowly changes formations while pulsating its lights through the sky.,,Y,
118,https://nuforc.org//sighting/?id=182756,08/23/2024 12:07,Boston,MA,USA,Star,Viewed from the flight deck by both pilots and a cabin crew,,,
119,https://nuforc.org//sighting/?id=182743,08/22/2024 21:48,Salem,IN,USA,Triangle,Large bright blue/white lights shined down right on top of us. I told my friend from Louisille to check herself for burns lonight,,,Meteor?
120,https://nuforc.org//sighting/?id=182671,08/15/2024 23:58,Sterling,IL,USA,Orb,My Co-pilot a former Airforce pilot pointed out 3 objects to my attention.,,,
121,https://nuforc.org//sighting/?id=182905,08/15/2024 00:28,Chester,NY,USA,Orb,"3 orbs appear out of thin air in a flash, fly low & fast in triangle formation, begin spiraling around each other, then vanishes",,,
122,https://nuforc.org//sighting/?id=182661,08/14/2024 22:00,Buffalo,NY,USA,Triangle,"Two triangular craft. At jet altitude, below clouds. Hovering over Canadian side of the Lake",,,
123,https://nuforc.org//sighting/?id=182982,08/14/2024 00:00,Mesquite,TX,USA,Triangle,"I saw a black triangle craft with one white light directly in the middle, and a red blinking light on its right hand side.",,,
124,https://nuforc.org//sighting/?id=184542,08/09/2024 00:09,Elbe,WA,USA,Triangle,A craft with 3 pulsing lights and red cascading lights coming from it about 40ft across.,,Y,Drone
125,https://nuforc.org//sighting/?id=183117,08/01/2024 22:00,Little Alps,OR,USA,Orb,"At Anthony Lakes in eastern Oregon, 3 witnesses saw a giant orange orb 10-12 feet in diameter hovering over water.",,Y,
126,https://nuforc.org//sighting/?id=182552,08/01/2024 03:40,Fort Edward,NY,USA,Cigar,Bright green cigar shaped craft flies past our plane,,,
127,https://nuforc.org//sighting/?id=182456,08/01/2024 00:25,Sylvan Lake,AB,Canada,Triangle,A triangle craft with 5 circle lights around flew over my house slowly.,,,
128,https://nuforc.org//sighting/?id=182498,07/30/2024 13:35,Deer Park,WA,USA,Oval,Craft Flying Just Above The Trees No Sound,,,
129,https://nuforc.org//sighting/?id=182416,07/29/2024 01:15,Spring,TX,USA,Triangle,"The craft was a large black triangle. The underside had red lights on all 3 points, with a large white light in the middle.",,Y,
130,https://nuforc.org//sighting/?id=182418,07/27/2024 12:15,Hampstead,NC,USA,Cylinder,"Aircraft reports unlit, solid cylindrical object oriented vertically, moving horizontally",,,
131,https://nuforc.org//sighting/?id=182373,07/23/2024 20:15,Wausau,WI,USA,Oval,"I was driving eastbound on ""Z"" and I saw a large gray oval flying very low in the distance, barely above the trees flying northbound.",,,
132,https://nuforc.org//sighting/?id=182335,07/19/2024 23:35,Watervliet,NY,USA,Cylinder,"Cylindrical / Pill shaped object with a reddish/blueish lights hovering, no sound, rapidly left",,,
133,https://nuforc.org//sighting/?id=186534,07/17/2024 22:15,Glens Falls North,NY,USA,Disk,"While out with my dog at night, I saw the UFO just over the tree line.",,,
134,https://nuforc.org//sighting/?id=182286,07/14/2024 22:00,Lebanon,TN,USA,Triangle,"Unmoving at first, then flew at us and hovered over the car and froze. Then flew away slowly to the right and out of sight.",,Y,
135,https://nuforc.org//sighting/?id=182278,07/12/2024 11:00,Eagle Grove,IA,USA,Rectangle,20 foot drone-like box.,,Y,
136,https://nuforc.org//sighting/?id=182235,07/09/2024 21:45,Sarasota,FL,USA,Triangle,"Slow moving, hovering low, just above the telephone poles and tree line. Solid black triangle with 3 lights on the bottom.",,Y,
137,https://nuforc.org//sighting/?id=184121,07/05/2024 10:30,Bailey,CO,USA,Cigar,"Approx. 500 yards directly in front of me, an Aircraft carrier sized craft. No sound, no markings just windows. Just moved a bit.",,,
138,https://nuforc.org//sighting/?id=182004,06/22/2024 20:20,Watertown,MA,USA,Sphere,"Spiky Black VW Bug sized and shaped object 500 ft high, 80 mph, flew over house, no sound, looked evil.",,,
139,https://nuforc.org//sighting/?id=182039,06/21/2024 10:30,Richland,TX,USA,Flash,"Clear night brightest light ever seen don’t know how long it was there, just remember a white and blue beam and it disappeared",,,
140,https://nuforc.org//sighting/?id=181953,06/16/2024 14:59,Anchor Point,AK,USA,Cigar,Large object hovering over summit of Redoubt volcano,,Y,
141,https://nuforc.org//sighting/?id=182083,06/11/2024 00:31,,,Unspecified,Orb,"Lights in low earth orbit illuminating brightly then fading, staying stationary, then moving in multiple directions, then orbiting",,,
142,https://nuforc.org//sighting/?id=181847,06/10/2024 23:30,Summerfield,NC,USA,Triangle,Bright Triangle Craft Hovering Next to Cloud,,Y,
143,https://nuforc.org//sighting/?id=181846,06/10/2024 21:00,Ocala,FL,USA,Changing,Group observed a helicopter circling a lighted object for several minutes. Object changed shape and departed rapidly to the east.,,,
144,https://nuforc.org//sighting/?id=181776,06/05/2024 01:00,Golden,CO,USA,Disk,We saw a large disc shaped craft with three levels of windows. It hovered silently and then disappeared into thin air.,,,
145,https://nuforc.org//sighting/?id=182372,05/19/2024 21:00,Cape Coral,FL,USA,Other,Circular ended triangle craft,,Y,
146,https://nuforc.org//sighting/?id=181495,05/12/2024 20:58,Los Médanos,Baja California,Mexico,Cylinder,"We observed a very large (500-1500 ft long), dark, unlit, flying object flying below 10,000 ft down the Chico valley.",,,
147,https://nuforc.org//sighting/?id=181488,05/10/2024 21:00,Clewiston,FL,USA,Light,We saw 2 extremely bright lights 50 feet off the ground going past us heading south,,,
148,https://nuforc.org//sighting/?id=181256,04/24/2024 03:00,,,International Waters,Light,Multiple objects above our altitude.,,Y,
149,https://nuforc.org//sighting/?id=184314,04/22/2024 22:15,North Bergen,NJ,USA,Changing,Large mothership like vessel taking up large portion of sky we were stuck staring and could not look away,,,
150,https://nuforc.org//sighting/?id=181673,04/13/2024 23:45,Menomonie,WI,USA,Triangle,Walking home 11:30-12:00. Sat on bench halfway home and noticed triangle of lights in sky. Could see the outline of object.,,Y,
151,https://nuforc.org//sighting/?id=181169,04/12/2024 21:56,Navarre,FL,USA,Triangle,"Triangle object, 16 visible lights, craft left line of sight without flying over horizon, instead appearing to leave orbit",,Y,
152,https://nuforc.org//sighting/?id=181509,04/12/2024 21:00,Navarre,FL,USA,Triangle,Craft was seen over overhead with a triangle shape. Seems to be camouflaged,,,
153,https://nuforc.org//sighting/?id=181173,04/12/2024 20:30,Indio,CA,USA,Oval,"On a stargazing trip with 3 NASA scientists, a cluster of objects repeatedly flew overhead.",,,
154,https://nuforc.org//sighting/?id=181168,04/12/2024 20:10,Yucca,AZ,USA,Oval,"I witnessed and filmed an oblong object moving in the sky with no noise, a large directional light and window.",,Y,
155,https://nuforc.org//sighting/?id=186012,04/08/2024 21:30,Howells,NE,USA,Disk,Disk on side in backyard,,,
156,https://nuforc.org//sighting/?id=181300,04/08/2024 19:45,Seagoville,TX,USA,Triangle,Saw a triangle craft less than 100 ft away from me when I took my dog out at sunset the night of the total eclipse,,,
157,https://nuforc.org//sighting/?id=181062,04/05/2024 03:50,Rock Island,IL,USA,Other,Crazy Light was first..,,,
158,https://nuforc.org//sighting/?id=187440,03/28/2024 23:00,Crownpoint,NM,USA,Triangle,Sighting of several objects to include a triangle shaped object that flew overhead.,,,
159,https://nuforc.org//sighting/?id=182298,03/28/2024 09:00,Breckenridge,CO,USA,Sphere,Very shiny metallic sphere hovering about tree line,,,
160,https://nuforc.org//sighting/?id=180939,03/25/2024 14:25,New York,NY,USA,Cylinder,Black flying cylinder object at eye level to me on airplane.,,Y,Balloon
161,https://nuforc.org//sighting/?id=180938,03/24/2024 19:49,Temple,TX,USA,Triangle,"A pyramid-shaped black object the size of a basketball flying above the clouds 150ft from our plane. Had no wings, propellers, or trail",,,
162,https://nuforc.org//sighting/?id=180893,03/21/2024 20:50,Jacksboro,TN,USA,Triangle,"Black triangle craft silently traveling directly above me, emitting no sound save for a humming vibration that I could feel and hear.",,Y,
163,https://nuforc.org//sighting/?id=180827,03/15/2024 12:30,Springfield,OR,USA,Sphere,"30-50' diameter light burnt orange sphere which came from the west/southwest over my farm, flew for 20-30 miles before disappearing.",,,
164,https://nuforc.org//sighting/?id=180825,03/13/2024 03:20,Idaho Falls,ID,USA,Chevron,"Inverted v shaped, 7 bright lights,fast moving , no sound traveling north to northeast",,,
165,https://nuforc.org//sighting/?id=187244,03/10/2024 23:59,Fishtail,MT,USA,Disk,One Large stationary Craft with 6+ smaller craft zigzagging across the night sky,,,
166,https://nuforc.org//sighting/?id=184684,03/09/2024 09:46,Cabo Rojo,Cabo Rojo,Puerto Rico,Circle,Circular craft. Travelled across entire horizon line about 8 seconds.,,Y,
167,https://nuforc.org//sighting/?id=182597,03/09/2024 00:30,Strawberry Plains,TN,USA,Triangle,"It slowly flew over my house, hovered for ~5 sec, rotated 180 degrees, then shot off in 2 different directions.",,Y,
168,https://nuforc.org//sighting/?id=180677,03/02/2024 22:23,Beckley,WV,USA,Orb,My captain and I saw moving stars. Looked kinda like satellites.,,Y,
169,https://nuforc.org//sighting/?id=180661,02/28/2024 22:00,Felton,CA,USA,Other,"Vaguely cube shaped, with multicolored lights and some motion.",,,
170,https://nuforc.org//sighting/?id=180624,02/28/2024 21:00,Mogi das Cruzes,São Paulo,Brazil,Orb,At least 40 orbs of light rising from the horizon in the distance,,,
171,https://nuforc.org//sighting/?id=180628,02/28/2024 19:06,Manitowoc,WI,USA,Triangle,Light flicker on house then looked up and seen triangle with 6 lights.,,,
172,https://nuforc.org//sighting/?id=180616,02/27/2024 21:00,,-,USA,Orb,Multiple orbs of light over the Pacific Ocean maneuvering in a purposeful way for over two hours,,,
173,https://nuforc.org//sighting/?id=182382,02/27/2024 16:25,Bilston,England,United Kingdom,Orb,"1 large red/orange orb that split into 3 then slowly descended in formation. Then, all together they flew north until they disappeared",,,
174,https://nuforc.org//sighting/?id=180588,02/25/2024 21:12,Washington,DC,USA,Light,White light illuminated stationary before rapidly heading North and disappearing,,Y,
175,https://nuforc.org//sighting/?id=180589,02/24/2024 10:30,Great Hallingbury,England,United Kingdom,Cigar,UFO looked like a huge elongated wing seen edge on. It was hovering about 2 km from my location. It then abruptly vanished.,,,
176,https://nuforc.org//sighting/?id=180503,02/19/2024 21:15,Hilliard,FL,USA,Light,"While operating an aircraft in cruise at FL400, the crew observed 3 lights appearing and disappearing for approximately 1 hr 25 min.",,,
177,https://nuforc.org//sighting/?id=180505,02/18/2024 16:33,Mesa,AZ,USA,Triangle,One triangular shaped craft hovering over area doing aerobatics in daytime,,Y,
178,https://nuforc.org//sighting/?id=180471,02/17/2024 20:43,Rockford,IL,USA,Light,Triangle formation of lights with other lights making passes through and around the formation,,Y,
179,https://nuforc.org//sighting/?id=180458,02/16/2024 21:15,Pittsburgh,PA,USA,Light,8 Lights Moving in counter clockwise pattern with other lights making passes through and below the formation,,Y,
180,https://nuforc.org//sighting/?id=180940,02/16/2024 19:04,Fayetteville,NC,USA,Triangle,Large acre plus-sized triangular craft traveling approx 32000 feet.,,Y,
181,https://nuforc.org//sighting/?id=180611,02/10/2024 06:09,,Rio Grande do Sul,Brazil,Disk,Sighting of lights throughout the entire night with direct sighting of the ship in the shape of a flying saucer at dawn.,,Y,
182,https://nuforc.org//sighting/?id=180315,02/06/2024 13:33,Brandon,MS,USA,Teardrop,Silver UAP at approximately 5000ft the swims through the sky in an organic matter way with exhaust trail at faster than speed of sound,,Y,
183,https://nuforc.org//sighting/?id=180467,02/06/2024 03:30,Stockbridge,GA,USA,Cigar,"Approximately 330AM in a NNE sky, a cigar shaped object traveled around the Dubhe star in the Big Dipper.",,,
184,https://nuforc.org//sighting/?id=180305,02/05/2024 22:32,Hoquiam,WA,USA,Light,Light moving erratically,,Y,
185,https://nuforc.org//sighting/?id=180290,02/05/2024 04:55,Omaha,NE,USA,Light,"Flying to the East at 39,000 saw 6 UFO's at diff speeds, altitudes (btn 50, and 80 thousand feet) for ~ 1 hr",,Y,
186,https://nuforc.org//sighting/?id=180264,02/01/2024 22:00,Elleker,Western Australia,Australia,Other,"Banana shaped UFO yellow lights down side, with blue halo. Hovering moving slightly side to side. Halo flashed like surrounding orb.",,,
187,https://nuforc.org//sighting/?id=180249,02/01/2024 06:35,Auburn,AL,USA,Diamond,This came extremeley close to the left of our commercial plane left wing - I did notify Delta Airlines once we landed.,,,
188,https://nuforc.org//sighting/?id=182924,01/28/2024 02:30,Warrumbungle,New South Wales,Australia,Circle,"Circular craft hovering a few hundred metres above us, stationary, then it shot off with no discernible period of acceleration.",,,
189,https://nuforc.org//sighting/?id=180269,01/27/2024 03:00,Garden Valley,ID,USA,Disk,My wife saw a large object with white lights hovering over our property.,,,
190,https://nuforc.org//sighting/?id=180188,01/27/2024 03:00,Osprey,FL,USA,Disk,"Disc shaped objects still in the sky for about 2.5 hours with about 9 circular lights along the length, larger in the middle.",,,
191,https://nuforc.org//sighting/?id=182980,01/26/2024 21:30,Atlanta,GA,USA,Other,"It was a pyramid, it was concave on each side, a tier separating a sphere at the top",,,
192,https://nuforc.org//sighting/?id=180915,01/23/2024 23:40,Corfe Mullen,England,United Kingdom,Circle,Circle of lights,,,
193,https://nuforc.org//sighting/?id=180140,01/21/2024 22:30,Melrose,MA,USA,Diamond,"Ufo was about 200 ft from the ground, causing ground to shake and emitting a deafening humming noise while flashing lights into our car",,,
194,https://nuforc.org//sighting/?id=180084,01/17/2024 21:13,Pine City,MN,USA,Orb,Three large orange lights . When I caught them on video they were already 10 times smaller then they were when I first saw them.,,Y,
195,https://nuforc.org//sighting/?id=180371,01/16/2024 08:00,Lee,NH,USA,Sphere,Saw a ufo that then came into my yard + house,,Y,
196,https://nuforc.org//sighting/?id=180057,01/14/2024 21:10,Ithaca,NY,USA,Light,"Two lights climbing, descending, and changing direction rapidly",,,
197,https://nuforc.org//sighting/?id=180099,01/14/2024 05:00,Phoenix,AZ,USA,Formation,Maneuvering lights at very high altitude views for 45 minutes at FL400,,,
198,https://nuforc.org//sighting/?id=180080,01/13/2024 19:25,Charlotte,NC,USA,Triangle,An object with lights went back and forth,,Y,
199,https://nuforc.org//sighting/?id=180158,01/11/2024 04:30,,Erzincan,Türkiye,Sphere,Multiple lights flying and moving randomly.,,Y,
200,https://nuforc.org//sighting/?id=180054,01/10/2024 20:10,Yakima,WA,USA,Light,"Flying from DEN to PSC at 34,000’. Witnessed moving lights moving very fast and would appear and disappear. ATC had nothing on radar.",,Y,
201,,,,,,,,,,
202,https://nuforc.org//sighting/?id=181919,01/09/2024 21:00,Lindau,Lower Saxony,Germany,Chevron,Close Encounter with landed craft while jogging late through the countryside.,,Y,
203,https://nuforc.org//sighting/?id=179996,01/08/2024 01:00,Guelph,ON,Canada,Triangle,Possible TR3B black manta sighting.,,,
204,https://nuforc.org//sighting/?id=179998,01/07/2024 20:40,Roseburg,OR,USA,Light,2 lights looked to be spinning.,,,
205,https://nuforc.org//sighting/?id=179790,01/05/2024 21:10,Sault Ste. Marie,ON,Canada,Light,Erratically moving lights that would appear and disappear staying in the same approximate location in relation to the stars,,Y,
206,https://nuforc.org//sighting/?id=179814,01/02/2024 22:40,Oklahoma City,OK,USA,Oval,Seen the blue white oval object dart right to left from upstairs windows. When I fist witnessed It was stationary.,,,
207,https://nuforc.org//sighting/?id=179815,01/02/2024 18:45,Newtown,CT,USA,Light,"Elongated white light moving slowly or not at all, which then also displayed a series of colored lights in a line as I got closer.",,Y,
208,https://nuforc.org//sighting/?id=184130,12/31/2023 00:02,Seymour,CT,USA,Changing,"Driving on Route 8, I saw flashing lights, experienced missing time, and encountered strange orbs hovering near my car, then vanishing",,,
209,https://nuforc.org//sighting/?id=179900,12/26/2023 20:40,Bunnell,FL,USA,Changing,What appeared as bright star like points of light which would suddenly appear increasing in brightness and then fade away.,,Y,
210,https://nuforc.org//sighting/?id=181836,12/24/2023 20:30,Long Branch,NJ,USA,Rectangle,"Saw two rectangle craft at least four times during walk. Also saw stationary, green, pulsing light in the bottom of the clouds.",,,
211,https://nuforc.org//sighting/?id=179797,12/23/2023 03:30,,,International Waters,Light,"Objects at very high altitude (greater than 50,000' MSL) maneuvering and emitting white light that gradually varied from bright to dim",,,
212,https://nuforc.org//sighting/?id=179942,12/20/2023 03:00,Horace,KS,USA,Unknown,4 white lights of changing intensity resembling stars moving in a portion of the night sky.,,Y,
213,https://nuforc.org//sighting/?id=180056,12/16/2023 22:45,Little Rock,AR,USA,Light,5 Lights Moving Rapidly and Changing Direction,,,
214,https://nuforc.org//sighting/?id=179915,12/16/2023 20:50,Ferndale,MI,USA,Sphere,A simple sighting which lasted one second.,,,
215,https://nuforc.org//sighting/?id=179717,12/14/2023 19:45,Pawleys Island,SC,USA,Triangle,4-5 orange solid lights arranged in a triangle shape,,,
216,https://nuforc.org//sighting/?id=179707,12/13/2023 23:00,Greensboro,NC,USA,Orb,"AM sighting of a bright intense light that was hovering over tree line and a PM sighting with 2 crafts of the same ""look"".",,Y,
217,https://nuforc.org//sighting/?id=180834,12/13/2023 21:20,Warrington,PA,USA,Circle,Saw an object moving silently N then NE in the sky while sitting in my hot tub,,Y,
218,https://nuforc.org//sighting/?id=179675,12/08/2023 21:00,Lowell,MI,USA,Disk,Greyish disc with two bright white lights one on each side on front circumference and multi colored red green lights,,Y,
219,https://nuforc.org//sighting/?id=182077,12/08/2023 20:27,Melbourne,FL,USA,Orb,"I saw 3 balls of lights, 1 traveling from the West and 2 already on my porch roof.",,Y,
220,https://nuforc.org//sighting/?id=179582,12/04/2023 01:00,Lorain,OH,USA,Sphere,"A Semi Transparent, White Colored, Luminescent Spherical Cloud circled directly above my home before disappearing entirely.",,,
221,https://nuforc.org//sighting/?id=179607,12/03/2023 23:59,Memphis,IN,USA,Light,Unexplained bright shiny light,,Y,
222,https://nuforc.org//sighting/?id=179587,11/30/2023 20:25,Denton,NE,USA,Unknown,I observed an aircraft with two bright lights to be stagnant and hovering over my pasture approximately 100' in the air.,,,
223,https://nuforc.org//sighting/?id=179535,11/30/2023 03:10,Franksville,WI,USA,Orb,4 Objects Moving and Dimming On and Off,,,
224,https://nuforc.org//sighting/?id=179708,11/28/2023 19:14,Ridge,MD,USA,Other,Object hovered approx 1/2 mile above Potomac River,,Y,
225,https://nuforc.org//sighting/?id=180078,11/28/2023 00:30,,Yucatan,Mexico,Diamond,Went to room to sit on balcony and spotted bright light moving very fast,,Y,
226,https://nuforc.org//sighting/?id=179496,11/26/2023 21:15,Thedford,NE,USA,Circle,3 lighted objects circling at high altitude that were both bright and dim,,,
227,https://nuforc.org//sighting/?id=179540,11/25/2023 13:22,Brinnon,WA,USA,Disk,"Taking picture of dog, raising camera to zoom object low high speed pass pushed shutter repeatedly got one image and was gone. Silent",,Y,
228,https://nuforc.org//sighting/?id=179497,11/24/2023 20:15,Dothan,AL,USA,Rectangle,"Blue rectangle appears above the trees, about 30' high, above us, and then shoots off to the West.",,,
229,https://nuforc.org//sighting/?id=179475,11/21/2023 20:30,Stillwater,OK,USA,Light,As many as 4 lights were simultaneously observed corroborated with no less than 6-7 other aircraft on Denver Center,,Y,
230,https://nuforc.org//sighting/?id=179468,11/21/2023 19:00,Oklahoma City,OK,USA,Light,Points of light maneuvering in upper atmosphere,,Y,
231,https://nuforc.org//sighting/?id=183036,11/21/2023 14:30,Eugene,OR,USA,Light,I watched a Jet chase a Bright white light across the sky. Almost directly over the Eugene airport sky.,,,
232,https://nuforc.org//sighting/?id=179444,11/20/2023 17:15,Halfway,MD,USA,Light,At 1st glance lights (4) appeared slightly higher than street lamps but change into just 2 larger bright lights that tilted & vanished,,,
233,https://nuforc.org//sighting/?id=179427,11/18/2023 12:15,Oro Valley,AZ,USA,Sphere,Metallic UAP or Balloon,,Y,
234,https://nuforc.org//sighting/?id=179578,11/17/2023 12:58,Lincolnshire,IL,USA,Other,"Craft was total stationary and totally silent,just above a tree.",,Y,
235,https://nuforc.org//sighting/?id=179406,11/16/2023 12:45,Boyce,VA,USA,Disk,Object was above arboretum. Moving rapidly sideways and up and down then hovering,,,
236,https://nuforc.org//sighting/?id=179568,11/15/2023 21:00,Lincolnshire,IL,USA,Rectangle,"Platform type craft traveling low over forest with lights illuminating the top but no lights on bottom, at night.",,Y,
237,https://nuforc.org//sighting/?id=184000,11/15/2023 13:00,Goodland,KS,USA,Cube,Very bright very fast very precise,,,
238,https://nuforc.org//sighting/?id=179408,11/14/2023 23:00,Chicago,IL,USA,Cigar,"I saw a cigar shaped saucer with four lights on the underbelly of the craft, and a blue haze was being emitted from the underbelly.",,,
239,https://nuforc.org//sighting/?id=184094,11/14/2023 22:15,Little Egg Harbor Township,NJ,USA,Changing,The most advanced object that I have ever saw transformed silently to collect two small orbs.,,,
240,https://nuforc.org//sighting/?id=179404,11/13/2023 20:20,Cheyenne,WY,USA,Light,Saw a light go from dim to very bright,,,
241,https://nuforc.org//sighting/?id=179384,11/13/2023 15:34,Milan,IN,USA,Triangle,Triangle black craft,,Y,
242,https://nuforc.org//sighting/?id=179350,11/12/2023 18:55,Nixon,PA,USA,Disk,Driving at night and saw a green lit object drop down and zoom off,,,
243,https://nuforc.org//sighting/?id=179360,11/11/2023 22:40,Slippery Rock,PA,USA,Triangle,Triangle shaped craft that moved like nothing I’ve ever seen.,,,
244,https://nuforc.org//sighting/?id=179474,11/11/2023 21:30,Lakeland,FL,USA,Triangle,I saw a HUGE triangle craft with at least 7 bright white lights in a perfect “V” at the front and no lights on the backend of it,,,
245,https://nuforc.org//sighting/?id=179394,11/11/2023 20:04,Midvale,UT,USA,Light,Unidentified lights flying above.,,Y,
246,https://nuforc.org//sighting/?id=179353,11/11/2023 18:30,Windham,ME,USA,Rectangle,Floating rectangle with 3 lights,,,
247,https://nuforc.org//sighting/?id=179308,11/10/2023 06:13,Denver,CO,USA,Orb,"Basketball sized ball of light, about the same brightness as a flood light flying low and slow.",,,
248,https://nuforc.org//sighting/?id=179306,11/09/2023 20:15,,KY,USA,Light,"Lighted objects ""dancing"" and performing seemingly impossible aeronautic maneuvers",,,
249,https://nuforc.org//sighting/?id=179369,11/09/2023 09:45,Topeka,KS,USA,Disk,There was a black but yet reflective basic saucer shaped UAP.,,,
250,https://nuforc.org//sighting/?id=179417,11/09/2023 06:45,Elkin,NC,USA,Disk,A silver metallic disc rising vertically from the ground.,,,
251,https://nuforc.org//sighting/?id=179325,11/08/2023 20:08,Wimberley,TX,USA,Orb,Large helicopter chasing an amber glowing orb,,,
252,https://nuforc.org//sighting/?id=179367,11/08/2023 04:28,Hartford,CT,USA,Orb,Craft swooped down fast & floated with bright white rotating lights & 2 beams of light darting around & on & off,,,
253,https://nuforc.org//sighting/?id=179330,11/06/2023 22:30,Blairsville,GA,USA,Triangle,Triangle craft with green lights gliding through sky,,,
254,https://nuforc.org//sighting/?id=179534,11/05/2023 20:28,Hamilton,NJ,USA,Orb,"Object was briefly stationary, before traveling in an apparent fish hook shape. Then vanished.",,Y,
255,https://nuforc.org//sighting/?id=179280,11/05/2023 19:52,Santa Fe,FL,USA,Formation,"While driving (dark) noticed 2 large lights to left. Once at field, saw underside, 3 lights(triangle) and small ones. Drove away.",,Y,Planet/Star?
256,https://nuforc.org//sighting/?id=179286,11/05/2023 10:32,Mount Morris,PA,USA,Orb,"Large extremely fast moving orb moving across the sky that stopped in midair, turned, and continued in the direction",,,
257,https://nuforc.org//sighting/?id=179232,11/02/2023 22:25,Sioux Falls,SD,USA,Chevron,Low flying silent craft with stealth coating.,,,
258,https://nuforc.org//sighting/?id=186319,11/01/2023 20:15,Attica,KS,USA,Disk,Looked at the UFO through 15X56 Vortex Binoculars when it was very close over head and going away.,,,
259,https://nuforc.org//sighting/?id=183305,11/01/2023 09:30,Chester,VA,USA,Orb,Object emerged through widow and flew to kitchen table across the room where it disappeared. Projected a narrow beam off the bottom.,,,
260,https://nuforc.org//sighting/?id=179204,10/31/2023 19:00,Casa Grande,AZ,USA,Light,Rectangular light fixed in the Northwestern sky for over 3 hours.,,Y,
261,https://nuforc.org//sighting/?id=179185,10/30/2023 19:52,Garden City,KS,USA,Light,A light moving southwest to the east then changing to a southeast heading,,,
262,https://nuforc.org//sighting/?id=179158,10/29/2023 11:45,Bayport,NY,USA,Orb,"Son playing outside , witnessed object",,Y,
263,https://nuforc.org//sighting/?id=179524,10/29/2023 05:30,Cowes,England,United Kingdom,Triangle,"Large, quiet, triangular craft flew over 2 witnesses at 05:30 on Sunday morning, off the central southern coast of England",,Y,
264,https://nuforc.org//sighting/?id=179134,10/27/2023 18:46,San Diego,CA,USA,Orb,Falling Fire Ball Disseminates into Five Hovering Orbs of Light,,Y,
265,https://nuforc.org//sighting/?id=179103,10/24/2023 21:30,Deshler,OH,USA,Light,Bright rectangular light on the ground,,,
266,https://nuforc.org//sighting/?id=179488,10/24/2023 09:33,Government Hill,AZ,USA,Triangle,Enormous white triangle craft with point straight down.,,,
267,https://nuforc.org//sighting/?id=179071,10/23/2023 03:30,Airborne (Oman),,Oman,Light,Observed steady lights at high altitude at a specific location in the sky.,,Y,
268,https://nuforc.org//sighting/?id=179644,10/22/2023 03:30,Avondale,TX,USA,Triangle,Slow flying and rotating huge Triangle,,Y,
269,https://nuforc.org//sighting/?id=179247,10/21/2023 09:00,Klamath Falls,OR,USA,Cylinder,Heard loud crash and then saw object fly by.,,,
270,https://nuforc.org//sighting/?id=178997,10/19/2023 22:20,Two Harbors,MN,USA,Changing,Shape shifting dark black triangle moved across the sky,,,
271,https://nuforc.org//sighting/?id=178982,10/19/2023 03:00,Las Vegas (in flight),NV,USA,Star,"While operating an airline flight at 37,000’ both pilots witnessed three lights at very high altitude moving in random patterns.",,,
272,https://nuforc.org//sighting/?id=179284,10/18/2023 19:33,Forestville,MD,USA,Fireball,white roundish size object captured on doorbell cam,,Y,
273,https://nuforc.org//sighting/?id=178952,10/17/2023 19:39,Not sure,MN,USA,Formation,"Three series of 3 slightly yellow/ white,lights spaced wide apart that then became one bright light, then went back to three..",,,
274,https://nuforc.org//sighting/?id=179110,10/17/2023 02:00,Middle of the Caspian Sea directly east of Baku,,Unspecified,Light,Two commercial airline pilots saw a light 150km away that was still then suddenly accelerated at incredible speed and disappeared,,,
275,https://nuforc.org//sighting/?id=178905,10/16/2023 08:58,,AR,USA,Cylinder,Lower altitude flyby of Allegiant Flight 3145 on a 180 flight trajectory.,,,
276,https://nuforc.org//sighting/?id=179255,10/14/2023 04:00,Austin,TX,USA,Unknown,"Perfectly silent craft drifts to the east, bright light seen, object came to a standstill several times",,,
277,https://nuforc.org//sighting/?id=178957,10/13/2023 19:03,Green Valley,AZ,USA,Orb,A very bright glowing white orb passed near our house and jetted into infinity without making a sound.,,,
278,https://nuforc.org//sighting/?id=178866,10/13/2023 19:00,"Sonoita, Arizona",AZ,USA,Light,"Bright light lasting for 5 to 6 total Mississippi seconds flew east to west through clouds, and disappeared, ridiculous speed no sound.",,,
279,https://nuforc.org//sighting/?id=178899,10/12/2023 23:40,Carrollton,TX,USA,Unknown,A blinding light shown down on my house even though there was no storm/ rain event. The light was blinding and illuminated my yard,,,
280,https://nuforc.org//sighting/?id=185625,10/12/2023 20:49,Maceió,Alagoas,Brazil,Fireball,A yellowish-orange ball was spotted along the entire coastline.,,Y,
281,https://nuforc.org//sighting/?id=178843,10/12/2023 20:35,Waynesfield,OH,USA,Triangle,"Huge, triangular craft, bright strobing lights down each side",,,
282,https://nuforc.org//sighting/?id=178720,10/09/2023 03:30,Idaho Falls,ID,USA,Triangle,"Orange lights in the sky with smooth but random movement that joined in formation to form a triangle, then accelerated away from us.",,,
283,https://nuforc.org//sighting/?id=178844,10/08/2023 19:37,Powell Butte,OR,USA,Disk,Large disk,,,
284,https://nuforc.org//sighting/?id=187358,10/08/2023 14:41,Marshall,WI,USA,Rectangle,"Copper rectangle apparently 10ft x 4ft x4ft , less than 600 yards away, broad daylight",,Y,
285,https://nuforc.org//sighting/?id=178742,10/07/2023 21:10,Springfield,OR,USA,Chevron,12 or more dim lights in a perfect chevron or boomerang shape,,,
286,https://nuforc.org//sighting/?id=178820,10/06/2023 23:03,Brighton,MO,USA,Triangle,Three brilliantly white Lights hovering in the sky,,,
287,https://nuforc.org//sighting/?id=178700,10/06/2023 05:10,Worthing,England,United Kingdom,Unknown,Alien like figures in my flat,,,
288,https://nuforc.org//sighting/?id=178827,10/05/2023 23:00,Chicago,IL,USA,Light,Lights maneuvering rapidly at extreme altitude,,,
289,https://nuforc.org//sighting/?id=178768,10/05/2023 22:31,Parker,CO,USA,Cylinder,"It was orange object it was massive, it looked similar to a plane but definitely not a plane, it had a giant sphere in the middle.",,,
290,https://nuforc.org//sighting/?id=178947,10/05/2023 22:30,Chattanooga,TN,USA,Triangle,Triangle shaped object glowing green along the edges sighted for approx 15sec before vision being blocked by buildings.,,,
291,https://nuforc.org//sighting/?id=178692,10/05/2023 22:10,West Kelowna,BC,Canada,Chevron,Slow moving lower altitude substantial craft appearing to bend light around it,,,
292,https://nuforc.org//sighting/?id=178697,10/05/2023 20:00,Bridgeport,IL,USA,Disk,Large apparently disk shipped object moving in circular motion about 75-150 feet in the air.,,,
293,https://nuforc.org//sighting/?id=178706,10/05/2023 11:25,Grand Canyon,AZ,USA,Cigar,White cigar shaped traveling from north east to southwest straight line absolutely no sound,,,
294,https://nuforc.org//sighting/?id=178732,10/05/2023 01:46,Homosassa,FL,USA,Changing,"We saw a giant red, motionless comet. We ran towards it, and noticed it was a vertical rectangle, tapered back to a point",,,
295,https://nuforc.org//sighting/?id=178713,10/04/2023 21:35,Mineral Wells,TX,USA,Changing,"Stationary shape changing flying object, no noise.",,Y,
296,https://nuforc.org//sighting/?id=178712,10/04/2023 18:32,Los Angeles,CA,USA,Sphere,A plane was flying by and I noticed 3 black spheres circling it as it flew by eventually the spheres went on their own path.,,,
297,https://nuforc.org//sighting/?id=178702,10/03/2023 02:50,Boston,MA,USA,Circle,Airline pilot - Lights high in sky ahead and above coming in and out,,Y,
298,https://nuforc.org//sighting/?id=178525,10/02/2023 22:21,No city on highway,WA,USA,Egg,Followed/stalked by floating egg ( yes I'm aware of how that sounds ),,Y,
299,https://nuforc.org//sighting/?id=178546,10/02/2023 16:04,Fair Oaks,CA,USA,Unknown,60+ white dots flying in circles and undulated paths appeared from the blue sky and after 4+ minutes vanished in the blue sky again.,,,
300,https://nuforc.org//sighting/?id=178606,10/01/2023 19:30,Vancouver,WA,USA,Orb,"2 then 3 red orbs, equally spaced in a line, motionless for over an hour, then individually disappeared and reappeared for another hour",,Y,
301,https://nuforc.org//sighting/?id=178646,09/30/2023 21:45,Rapid City,SD,USA,Chevron,Large Boomerang shape UFO with no lights flew over our house,,,
302,,,,,,,,,,
303,https://nuforc.org//sighting/?id=178636,09/30/2023 19:28,Pasadena,MD,USA,Light,Driving in my neighborhood I saw bright circular lights over the houses. They began to make formations and slowly dim away one by one,,Y,Flares?
304,https://nuforc.org//sighting/?id=178654,09/30/2023 14:50,Clyde,NC,USA,Rectangle,Me and my family saw a large rectangular reflective craft above our house for about 20-30 seconds.,,,
305,https://nuforc.org//sighting/?id=178484,09/28/2023 20:50,Folsom/El Dorado Hills,CA,USA,Orb,Orange orb chased away by airplanes,,,
306,https://nuforc.org//sighting/?id=178563,09/28/2023 12:15,Butte,MT,USA,Cube,Cube shaped item w no visible propulsion means. Followed shortly thereafter by three jets,,,
307,https://nuforc.org//sighting/?id=178504,09/25/2023 07:15,Killiney Bay,,Ireland,Light,Ball of glowing light slowly circulating the water before immediately submerging.,,,
308,https://nuforc.org//sighting/?id=178647,09/24/2023 21:05,Centralia,IL,USA,Disk,Lights on a oval/disk craft with rotation,,,
309,https://nuforc.org//sighting/?id=178505,09/23/2023 05:30,Huntersville,NC,USA,Flash,3 individual bright flashes of light and a separate large orb of light.,,,
310,https://nuforc.org//sighting/?id=183118,09/22/2023 23:30,Louisburg,NC,USA,Orb,Update to this sighting filed earlier.,,Y,
311,https://nuforc.org//sighting/?id=178391,09/21/2023 19:14,hampton,NH,USA,Disk,"looked in the sky an armada of disks, I delta. somthing cam out of nothin I have photos.",,Y,
312,https://nuforc.org//sighting/?id=178405,09/21/2023 02:30,We were airborne heading East at 39000 feet,NE,USA,Light,Up to 4 UFO outside earths atmosphere,,,
313,https://nuforc.org//sighting/?id=178419,09/20/2023 12:57,Nashville,TN,USA,Disk,"I observed a stationary, dull metallic colored disk for approximately 25 seconds before it disappeared.",,Y,
314,https://nuforc.org//sighting/?id=178410,09/20/2023 03:07,Shasta lake,CA,USA,Unknown,Observed star like lights in the sky grow bright then disappear many times. Dozens would move in groups or individually.,,Y,
315,https://nuforc.org//sighting/?id=178368,09/18/2023 21:38,Yakima,WA,USA,Teardrop,"Flash of light behind the mountain, extremely bright object rose and hung in the sky and went out, disappeared but reappeared",,,
316,https://nuforc.org//sighting/?id=178316,09/17/2023 19:40,Fort Worth,TX,USA,Cigar,A cigar shaped craft moved over the south end of the runway of Naval Air Station Joint Reserve Base Fort Worth,,,
317,https://nuforc.org//sighting/?id=178345,09/16/2023 14:40,Alingsås,Västra Götaland County,Sweden,Orb,Near midair collision between tow plane and orb,,,
318,https://nuforc.org//sighting/?id=178347,09/16/2023 00:20,Aurora,CO,USA,Orb,Orb or disc hovering by Buckley AFB at night,,,
319,https://nuforc.org//sighting/?id=184188,09/15/2023 21:23,Cottage Grove,OR,USA,Triangle,"I looked to the northern sky and saw a silent, low flying, triangular shaped craft with no lights, flying directly overhead.",,,
320,https://nuforc.org//sighting/?id=178239,09/14/2023 23:55,Wheaton,IL,USA,Fireball,"While driving, a giant, bright neon green fireball/sphere shape w/irregular edges flew downward from the sky south to north",,,
321,https://nuforc.org//sighting/?id=178260,09/14/2023 12:14,Menasha,WI,USA,Circle,I was walking my dog and I seen it in the sky,,,
322,https://nuforc.org//sighting/?id=182560,09/14/2023 12:02,,UT,USA,Circle,Many orbs observed near our campsite for two consecutive nights. Have a short video of one orb,,,
323,https://nuforc.org//sighting/?id=178346,09/14/2023 04:30,Ocean City,NJ,USA,Circle,"Seen with PVS7 NV googles. High speed light (not satellite, meteor or star) travel Lind from ocean and disappearing above land.",,,
324,https://nuforc.org//sighting/?id=178471,09/13/2023 21:48,Peterborough,ON,Canada,Triangle,Black Triangle hovering silently with red and white lights.,,Y,
325,https://nuforc.org//sighting/?id=178440,09/13/2023 19:04,Pewaukee,WI,USA,Orb,Was driving in my neighborhood and saw an extraordinarily dark cloud above the setting sun and saw a bright object appear to drop fast,,Y,
326,https://nuforc.org//sighting/?id=178290,09/13/2023 18:45,Gatton,Queensland,Australia,Flash,Massive bright white flashing light as bright as led high beam lights zooming across sky.,,,
327,https://nuforc.org//sighting/?id=178349,09/13/2023 07:37,Wailuku,HI,USA,Circle,I was at the beach fishing,,Y,
328,https://nuforc.org//sighting/?id=178303,09/11/2023 23:03,Alexandria,VA,USA,Orb,"Sighting of orb moving quickly from earth to outside of the atmosphere (shooting further into space, not across the sky like a meteor).",,Y,
329,https://nuforc.org//sighting/?id=178276,09/10/2023 18:49,Bass Lake,IN,USA,Rectangle,"Object flew past our aircraft at 10,000 feet within 200 yards of our right wing.",,,
330,https://nuforc.org//sighting/?id=178693,09/09/2023 18:30,Edenton,NC,USA,Light,Bright white light traveling south to north,,,
331,https://nuforc.org//sighting/?id=178506,09/07/2023 23:00,Knoxville,NC,USA,Light,I saw a small light that looked like a star appear dim then go bright.,,,
332,https://nuforc.org//sighting/?id=178144,09/07/2023 21:15,Ellsworth,ME,USA,Orb,"2 adult men saw 2 bright objects, each appearing similar to but larger than full moon",,,
333,https://nuforc.org//sighting/?id=179375,09/07/2023 05:04,San Diego,CA,USA,Rectangle,Saw a rectangle shaped black craft moving southeast at about 30 miles an hour and 150 feet off the ground.,,Y,
334,https://nuforc.org//sighting/?id=178677,09/06/2023 21:44,Ocala,FL,USA,Light,"Saw a light in the sky move toward, follow and leave an Airplane that was crossing over head.",,Y,
335,https://nuforc.org//sighting/?id=178082,09/05/2023 06:30,Unsure,ME,USA,Unknown,The craft made no noise and disappeared after we looked away.,,,
336,https://nuforc.org//sighting/?id=178302,09/04/2023 20:54,Camp Hill,PA,USA,Circle,"We observed a saucer-shaped craft ascend from the horizon to the upper atmosphere in a fraction of a second, before separating",,Y,
337,https://nuforc.org//sighting/?id=178497,09/04/2023 02:20,Estes Park,CO,USA,Disk,"Large, disc shaped, brightly lit, silent craft hovered approximately 100' above our car.",,,
338,https://nuforc.org//sighting/?id=186678,09/04/2023 02:15,Laanecoorie,Victoria,Australia,Disk,"Domed disk hovered silently over lagoon, water missing next day.",,Y,
339,https://nuforc.org//sighting/?id=178234,09/03/2023 20:53,Jenner,CA,USA,Orb,saw 3 bright white orbs flying in a straight formation that looked like the center of Orions Belt,,,
340,https://nuforc.org//sighting/?id=177979,09/01/2023 22:33,West Alton,IL,USA,Orb,3 lights seen they moved closer then missing time,,,
341,https://nuforc.org//sighting/?id=178033,09/01/2023 22:26,Savannah,GA,USA,Formation,I was driving down bull St someone said to look up. I saw 4 lights in a square directly above my car.,,Y,
342,https://nuforc.org//sighting/?id=177965,09/01/2023 17:08,Chicago,IL,USA,Orb,Airline passenger observed non drone UAP upon landing approach to ORD Airport on 09/01/2023.,,,
343,https://nuforc.org//sighting/?id=177928,08/30/2023 03:30,St. Louis,MO,USA,Light,3 to 4 lights rotating around each other,,Y,
344,https://nuforc.org//sighting/?id=178163,08/29/2023 22:10,east meadow,NY,USA,Rectangle,"Object low flying N/W to S/E from Eisenhower Park, passed overhead",,,
345,https://nuforc.org//sighting/?id=178615,08/29/2023 03:30,,OR,USA,Unknown,"UFO appeared before me, flew almost directly over me, large red ""V"" on underside, felt wave as it passed, silent and moved off quickly",,,
346,https://nuforc.org//sighting/?id=177897,08/28/2023 21:31,Mt Pleasant,NC,USA,Disk,3 Disc shaped craft moving 10 times the speed of the plane i was watching already,,,
347,https://nuforc.org//sighting/?id=177931,08/27/2023 03:30,Colorado Springs,CO,USA,Other,Green fireball,,,
348,https://nuforc.org//sighting/?id=177810,08/26/2023 00:15,Richmond,VA,USA,Other,Report from ATC that 4 aircraft sighted UFO near Richmond VA at high altitude,,,
349,https://nuforc.org//sighting/?id=178882,08/25/2023 00:00,,Islamabad Capital Territory,Pakistan,Formation,Several groups of lights moving in orbiting formation and erratically changing altitude impossibly fast,,Y,
350,https://nuforc.org//sighting/?id=177867,08/23/2023 21:15,Cochise,AZ,USA,Disk,Slowly rotating disc-shaped object witnessed hovering at Apache Power Station 8/23/23 @ approx. 9:15 PM.,,,
351,https://nuforc.org//sighting/?id=178420,08/23/2023 12:00,Nelson,Caerphilly County Borough,United Kingdom,Cigar,Hovering above the field,,,
352,https://nuforc.org//sighting/?id=184388,08/23/2023 04:15,,OR,Canada,Unknown,"Marine layer 50 ft above the ocean, craft was hidden in clouds, dispersed 3 florescent blue pods into the water, approached our boat",,,
353,https://nuforc.org//sighting/?id=178299,08/22/2023 20:15,Abergavenny,Monmouthshire,United Kingdom,Cigar,Large metallic craft stationary with long grey windows across the center,,Y,
354,https://nuforc.org//sighting/?id=184846,08/20/2023 22:20,Perachori,,Greece,Circle,Spherical metallic Object descending in Greece/Ithaka,,,
355,https://nuforc.org//sighting/?id=177786,08/18/2023 23:00,Vacaville,CA,USA,Orb,Meteors don't slow down and make 90 degree turns,,,
356,https://nuforc.org//sighting/?id=177797,08/18/2023 21:34,Puyallup,WA,USA,Orb,Ball of light hover in the sky.,,Y,
357,https://nuforc.org//sighting/?id=177683,08/18/2023 04:30,West Lake Hills,TX,USA,Cylinder,"A yellow glowing cylinder with a dome on top, and ring of light around it. About the size of an ottoman.",,Y,
358,https://nuforc.org//sighting/?id=178737,08/17/2023 23:00,Alfaz del Pi,Alicante Province,Spain,Triangle,9 silent V shaped craft in a V formation,,,
359,https://nuforc.org//sighting/?id=177782,08/16/2023 00:00,Moab,UT,USA,Chevron,"Triangle shape, multiple points of light high rate of speed. Viewed twice, once north to south, then south to north",,,
360,https://nuforc.org//sighting/?id=184001,08/15/2023 23:00,Pouch Cove,NL,Canada,Circle,Circle with lights on bottom like this ( ) was right above the house,,,
361,https://nuforc.org//sighting/?id=177593,08/14/2023 20:55,Taos Canyon,NM,USA,Other,"An object in the shape of a vertical dorsal fin about 60' top to bottom, very fast with an extremely bright blue flame out the back.",,,
362,https://nuforc.org//sighting/?id=177592,08/14/2023 20:23,Portland,OR,USA,Unknown,F18 chasing an unidentified aircraft,,,
363,https://nuforc.org//sighting/?id=177602,08/13/2023 23:00,Springville,UT,USA,Triangle,Viewed stealth craft in night sky,,,Aircraft?
364,https://nuforc.org//sighting/?id=177596,08/13/2023 01:00,Glenwood,NM,USA,Orb,6 or more flying craft moving extremely fast and capable of changing direction quickly. Emitted weird light.,,,
365,https://nuforc.org//sighting/?id=177558,08/12/2023 22:10,Los Banos,CA,USA,Triangle,We were driving on Highway 152 near Los Banos at approximately 10 pm and saw a large triangular object that had 4 large lights.,,,
366,https://nuforc.org//sighting/?id=177674,08/12/2023 15:57,Billings,MT,USA,Circle,This object was caught on video in 30fps when filming at the Blue Angles air show.,,Y,
367,https://nuforc.org//sighting/?id=177541,08/11/2023 18:40,NW Austin,TX,USA,Cylinder,"On AA Flt 4244 ATX-ABQ, saw cylindrical object flying past my plane same level going opposite direction fast! No tail fin, wings.",,Y,
368,https://nuforc.org//sighting/?id=177447,08/10/2023 01:30,Hanksville,UT,USA,Other,We were driving up thru Aurora UT on State Route 24 when I noticed a round orange ball of light bouncing above the tops of the trees.,,,
369,https://nuforc.org//sighting/?id=177517,08/09/2023 23:56,Whiteland,IN,USA,Triangle,A large triangle with many lights flew close overhead as I was getting into my truck,,,
370,https://nuforc.org//sighting/?id=177539,08/09/2023 04:04,Dorotea,Västerbotten County,Sweden,Oval,We saw a ufo dart through the sky many times in about 15 minutes,,Y,
371,https://nuforc.org//sighting/?id=177427,08/08/2023 23:15,Abergele,Conwy County Borough,United Kingdom,Triangle,Three triangles in formation moving fast and silent.,,,
372,https://nuforc.org//sighting/?id=183641,08/08/2023 22:00,Elgin,TX,USA,Sphere,"20 or more blueish white orbs in groups of 4 ascended straight up into the sky,",,,
373,https://nuforc.org//sighting/?id=180618,08/08/2023 21:30,Brooklet,GA,USA,Triangle,Unknown craft hovered at treetop level above myself & a friend,,,
374,https://nuforc.org//sighting/?id=177531,08/08/2023 02:00,Bizerte,Tunis Governorate,Tunisia,Light,Multiple lights (6 seen) fading on and off (10s) forming multiple formations moving in all directions (not orbital) in stratosphere,,,
375,https://nuforc.org//sighting/?id=177409,08/07/2023 21:23,Upland,CA,USA,Formation,"Looking west an enormous, segmented, well lit green craft, flying low, centipede like, appeared bit by bit. Disappeared the same.",,,
376,https://nuforc.org//sighting/?id=177417,08/07/2023 18:00,Glace Bay,NS,Canada,Orb,"Came straight down , 10-12 foot in diameter, didn't make a sound , entered the water , no wind sound sound , no fuel smell",,,
377,https://nuforc.org//sighting/?id=177337,08/06/2023 21:15,Rocklin,CA,USA,Orb,Glowing orb followed by a flashing light and a dim orb off center of main orb.,,,
378,https://nuforc.org//sighting/?id=177471,08/06/2023 17:13,Madison,AL,USA,Rectangle,"40-50,000 ft heading 255-265 degrees for 4 minutes then sharp left turn to about 160 degrees",,,
379,https://nuforc.org//sighting/?id=177349,08/06/2023 12:21,Powhatan Point,OH,USA,Cylinder,Caught on security camera and phone.,,Y,
380,https://nuforc.org//sighting/?id=177618,08/05/2023 21:25,Auburndale,FL,USA,Orb,It was so bright as it got brighter it illuminated the neighborhood from a distance of over 3 football fields away.,,,
381,https://nuforc.org//sighting/?id=178648,08/04/2023 22:00,Stamford Texas,TX,USA,Oval,I seen a very large oval black craft emitting some sort of dark orange light around the upper rim of the craft,,,
382,https://nuforc.org//sighting/?id=177388,08/04/2023 21:40,Rocky River,OH,USA,Unknown,Saw object Friday night that would stop and go in different directions. Was flashing green and white and eventually flew away quickly.,,Y,
383,https://nuforc.org//sighting/?id=178746,08/03/2023 18:30,Mill Creek (Newport),NC,USA,Rectangle,I saw a large black rectangular object hovering in one spot for a few minutes and I saw it fly off into the woods.,,,
384,https://nuforc.org//sighting/?id=177621,08/02/2023 05:30,Palm Springs,FL,USA,Egg,"A bright white egg or circular object, about the size of a car, less than 1000 ft, shot across the sky, stopped, jumped to hyperspace",,,
385,https://nuforc.org//sighting/?id=180379,08/01/2023 16:00,,ID,USA,Disk,An extraordinary close encounter with a UFO in central Idaho in 1974.,,,
386,https://nuforc.org//sighting/?id=178053,07/31/2023 22:54,Mineral Bluff,GA,USA,Rectangle,Saw a square object with another one above it,,Y,
387,https://nuforc.org//sighting/?id=177426,07/30/2023 14:30,Millen,GA,USA,Sphere,Black sphere flying over Georgia,,,
388,https://nuforc.org//sighting/?id=177359,07/30/2023 09:30,Ann Arbor (Pittsfield),MI,USA,Orb,"Metallic orb, bowling ball or beach ball sized, and no visible props or motor, flying at approximately 35-40 mph",,,
389,https://nuforc.org//sighting/?id=185608,07/30/2023 02:00,Hardwick,VT,USA,Circle,Scared me. It was round in shape and was lit up all the way around. It hovered above the river.,,,
390,https://nuforc.org//sighting/?id=177085,07/29/2023 00:20,Worksop,Nottinghamshire,United Kingdom,Disk,Flying saucer with red lights.,,,
391,https://nuforc.org//sighting/?id=177268,07/29/2023 00:02,Kongens Lyngby,Capital Region of Denmark,Denmark,Cigar,Five cigar shaped craft in the sky,,,
392,https://nuforc.org//sighting/?id=178180,07/28/2023 21:00,Santa Barbara,CA,USA,Triangle,"Huge triangular ship ""glides"" overhead and disappears to the North. Clear video obtained.",,Y,
393,https://nuforc.org//sighting/?id=182053,07/27/2023 20:35,Pearl,MS,USA,Changing,Strange Craft Playing Hide and Seek with Military Craft,,,
394,https://nuforc.org//sighting/?id=180937,07/27/2023 20:35,Pearl,MS,USA,Changing,Strange craft playing hide and seek with military craft.,,,
395,https://nuforc.org//sighting/?id=178341,07/25/2023 23:00,Powell Junction,ID,USA,Chevron,“V” shaped craft with orange and red lights,,Y,
396,https://nuforc.org//sighting/?id=177081,07/25/2023 02:05,sacramento,CA,USA,Triangle,Silent-more of a slight gush of wind/ triangular object/maybe size of jet/maybe quarter of mile high??,,,
397,https://nuforc.org//sighting/?id=177013,07/24/2023 21:30,North Myrtle Beach,SC,USA,Light,Light that at first appeared as a satellite that instantly made a 120-deg turn & accelerated away,,,
398,https://nuforc.org//sighting/?id=177494,07/24/2023 09:45,Ouray,CO,USA,Oval,White silent oval 60 degrees above ground visible from the 3rd Floor,,,
399,https://nuforc.org//sighting/?id=176964,07/24/2023 01:30,Wetmore,MI,USA,Sphere,"Spherical object, varying heights and speeds, seemingly responsive to our presence.",,,
400,https://nuforc.org//sighting/?id=176902,07/23/2023 21:06,Limon,CO,USA,Light,A large yellow-green ball of light plummeting very fast and suddenly disappearing while still high in the sky,,,
401,https://nuforc.org//sighting/?id=176904,07/23/2023 21:00,Northfield,NH,USA,Cross,a T shaped cluster of blue/white lights hovering over I93,,,
402,https://nuforc.org//sighting/?id=178402,07/23/2023 02:15,North Battleford,SK,Canada,Cube,Something in the Sky east of North Battleford,,Y,
403,,,,,,,,,,
404,https://nuforc.org//sighting/?id=176890,07/22/2023 07:31,La Porte,TX,USA,Disk,Really close and hovering,,Y,
405,https://nuforc.org//sighting/?id=177037,07/20/2023 19:18,Salem,OR,USA,Cube,Saw flying rectangular metallic object then it vanished into thin air,,,
406,https://nuforc.org//sighting/?id=178691,07/18/2023 21:15,Farmington,NM,USA,Other,I saw a UFO for summer; a brief UFO visit,,Y,
407,https://nuforc.org//sighting/?id=176823,07/18/2023 03:15,Fredericksburg,VA,International Waters,Chevron,Was watching ISS live stream and these lights drew my attention,,Y,
408,https://nuforc.org//sighting/?id=177629,07/16/2023 22:00,Folsom,NM,USA,Rectangle,"Massive rectangular UFO/UAP, like a flying skyscraper that passes over our car and vanishes. It was unlike anything i could imagine",,Y,
409,https://nuforc.org//sighting/?id=176818,07/16/2023 21:03,Milwaukee,WI,USA,Fireball,Saw 2 balls of light close together. Flew off into distance. A 3rd one came 30 seconds later into the same direction,,Y,Chinese Lantern
410,https://nuforc.org//sighting/?id=177345,07/15/2023 23:30,Port Angeles,WA,USA,Orb,"We saw so many crafts flying through the sky, followed by sometimes completely creepy",,,
411,https://nuforc.org//sighting/?id=176855,07/15/2023 00:01,Shasta City,CA,USA,Light,"Large, BRIGHT ""bobbing"" light across sky disappeared behind? Mountain",,,
412,https://nuforc.org//sighting/?id=176782,07/13/2023 23:40,Portland,OR,USA,Unknown,"Sighted a series of bright lights of varying colors. Appeared to be over NE Portland, descending and moving from south to north",,,
413,https://nuforc.org//sighting/?id=178134,07/13/2023 11:00,Gilbert,AZ,USA,Sphere,Sphere the size of a smallish volleyball motionless in the hallway of my home,,,
414,https://nuforc.org//sighting/?id=176741,07/11/2023 22:00,Hubbardston,MI,USA,Orb,Small bluish orb followed by Army Blackhawk helicopter,,,
415,https://nuforc.org//sighting/?id=176686,07/10/2023 23:56,winchester,VA,USA,Oval,"While scanning the area below Alberio, I saw a flash and then a smoke ring.",,,
416,https://nuforc.org//sighting/?id=176695,07/10/2023 20:29,Defiance,MO,USA,Cigar,Witnessed a tic-tac/cigar shaped object while taking my dog out,,Y,
417,https://nuforc.org//sighting/?id=176841,07/10/2023 07:20,Lincoln,NE,USA,Egg,Silver object flying in a westward direction off in a distace.,,Y,
418,https://nuforc.org//sighting/?id=177123,07/09/2023 05:00,Oxnard,CA,USA,Circle,"Saw an airliner pass south going to LAX from SBA VORTAC. Then saw another object lower going NE towards SBA VORTAC, which is normal.",,,
419,https://nuforc.org//sighting/?id=176678,07/07/2023 21:30,Lincoln,CA,USA,Other,6 different 4 horizontal light objects leaving silo/bldg area 3 traveled N. & turning back descending 3 going S. slowly rising.,,,
420,https://nuforc.org//sighting/?id=176842,07/04/2023 23:00,cheshire,CT,USA,Disk,A charcoal gray saucer the size of a football field was above the trees right in front of me...it had 3 large lights/windows and,,,
421,https://nuforc.org//sighting/?id=176581,07/03/2023 22:10,Knoxville,TN,USA,Orb,"White strobe-like light moving at very high speed with instant acceleration and deceleration, with instant 90 degree turns.",,,
422,https://nuforc.org//sighting/?id=176639,07/03/2023 20:42,Phoenix,AZ,USA,Star,Starlike UFO drops a mysterious teardrop object before vanishing into thin air.,,Y,
423,https://nuforc.org//sighting/?id=176566,07/02/2023 21:45,Elizabethtown,PA,USA,Light,A short creature with big black shiny eyes ran from my shed back behind my car and then green lights flashed and it was gone.,,Y,
424,https://nuforc.org//sighting/?id=176539,07/01/2023 03:30,Approx. 2.5 NM off coast of Sloop Point,NJ,USA,Cube,Pulled alongside my boat. I was afraid I was going to hit it. Stayed about 20 feet and hovered just off surface.,,,
425,https://nuforc.org//sighting/?id=176675,06/29/2023 13:30,,,Kyrgyzstan,Other,We were flying westbound FL320. I saw a contact approaching our right (North) side. TCAS showed nothing. Passed close slightly higher,,Y,
426,https://nuforc.org//sighting/?id=176495,06/28/2023 03:48,"Fort Clark Springs, Brackettville",TX,USA,Circle,"It was round disc shape and had lights that flashed simultaneously around the edge of the craft in red, yellow, and white.",,Y,
427,https://nuforc.org//sighting/?id=176500,06/28/2023 00:47,Lamont,CA,USA,Chevron,Craft was flying around 200 ft off ground on the north side of highway 5,,,
428,https://nuforc.org//sighting/?id=178256,06/27/2023 07:05,Rapperswil,Canton of St. Gallen,Switzerland,Cylinder,There was a dark mass in the sky that never moved and disappeared suddenly.,,Y,
429,https://nuforc.org//sighting/?id=176449,06/25/2023 00:00,Austin,TX,USA,Changing,Bright orb with a beam of light shooting straight up out of it,,,
430,https://nuforc.org//sighting/?id=176548,06/23/2023 22:45,Wheat Ridge,CO,USA,Light,Very Bright Light with a Craft with Flashing Lights,,Y,
431,https://nuforc.org//sighting/?id=178751,06/23/2023 03:00,Savannah,GA,USA,Orb,Blue Orb Shot up Into the Sky,,,
432,https://nuforc.org//sighting/?id=176754,06/21/2023 22:55,,CA,USA,Other,Not starlink looked like a centipede swayed side to side,,Y,
433,https://nuforc.org//sighting/?id=176368,06/19/2023 21:03,Riverview,FL,USA,Fireball,Bright orange ethereal ball hovering above the street ascends up into the sky and flys east until it disappears into the distance,,,
434,https://nuforc.org//sighting/?id=176442,06/15/2023 04:30,Southaven- Walls,MS,USA,Triangle,Silent brightly lit triangle object,,,
435,https://nuforc.org//sighting/?id=176238,06/13/2023 22:57,Pleasant Lake,IN,USA,Rectangle,"Low, slow flying dark gray rectangle with flashing lights headed north east over I-69",,,
436,https://nuforc.org//sighting/?id=181674,06/13/2023 15:52,Newark,NJ,USA,Oval,"Saw ufo as we took off from Newark, i captured it in a Timelapse video. It was moving very quickly",,Y,Balloon?
437,https://nuforc.org//sighting/?id=176261,06/12/2023 22:20,Joshua Tree,CA,USA,Cigar,UAP seen less the 100ft off ground shaped like a cigar shaped harmonica,,,
438,https://nuforc.org//sighting/?id=176232,06/12/2023 16:30,Johnston,IA,USA,Triangle,Black equilateral triangle daytime,,,
439,https://nuforc.org//sighting/?id=179530,06/09/2023 13:00,Bridgeton,MO,USA,Other,Was watching jets test fly and witnessed a pill shaped Ufo,,Y,
440,https://nuforc.org//sighting/?id=176179,06/09/2023 10:00,Tucson,AZ,USA,Disk,Saw a ufo in the sky then saw orange light and sparkles on the other side of the mountain then walked right past 2 aliens.,,,
441,https://nuforc.org//sighting/?id=176122,06/06/2023 21:00,Ardmore,AL,USA,Cylinder,Hovering craft starts fire with laser,,,
442,https://nuforc.org//sighting/?id=178538,06/04/2023 20:22,Herndon,VA,USA,Orb,Saw a shiny orb following an airplane. I took a video,,Y,
443,https://nuforc.org//sighting/?id=179863,06/04/2023 12:34,Moses Lake,WA,USA,Disk,"I saw a silvery/white flat disk low over a field, which then disappeared",,,
444,https://nuforc.org//sighting/?id=176052,06/03/2023 10:00,Bad Axe,MI,USA,Disk,There was 2 Jets afterburner full blast overtaken by this craft the jets were throwing flares (6-7) the ufo sat in the sun to hide!,,,
445,https://nuforc.org//sighting/?id=176329,06/03/2023 10:00,BadAxe,MI,USA,Disk,F16s or f35s dogfighting a UAP,,,
446,https://nuforc.org//sighting/?id=176071,06/02/2023 10:02,Hubert,NC,USA,Triangle,Green triangle appeared out of nowhere then took the hell off.,,,
447,https://nuforc.org//sighting/?id=176081,06/01/2023 21:30,New Port Richey,FL,USA,Orb,"4 orange orbs recorded , silent, same direction",,Y,Chinese Lantern
448,https://nuforc.org//sighting/?id=176017,05/30/2023 22:27,Romeo,MI,USA,Triangle,Two extremely large triangle objects moving in the air from southwest to northeast,,,
449,https://nuforc.org//sighting/?id=176000,05/30/2023 18:20,Morgantown,WV,USA,Orb,Metallic orb flew over our house - silently and at low altitude,,,
450,https://nuforc.org//sighting/?id=176033,05/28/2023 23:00,Atlanta,GA,USA,Orb,Commercial flight crew observes burst of light during takeoff.,,Y,
451,https://nuforc.org//sighting/?id=179389,05/25/2023 23:30,Long Point,ON,Canada,Other,Large object with rounded edges that bent light from stars,,,
452,https://nuforc.org//sighting/?id=175842,05/19/2023 23:21,Redfield,AR,USA,Triangle,Huge spaceship floating over the car.,,,
453,https://nuforc.org//sighting/?id=176342,05/19/2023 14:45,Walpole,NH,USA,Triangle,2 jets chasing 1 triangular shaped aircraft.,,,
454,https://nuforc.org//sighting/?id=175892,05/19/2023 10:00,Vero Beach,FL,USA,Rectangle,Object observed in the sky I don’t believe was man made.,,,
455,https://nuforc.org//sighting/?id=175916,05/17/2023 01:30,Pahrump,NV,USA,Cross,"Bright Red and Blue flashing lights following the highway, approaching us in opposite direction observed before disappearing.",,,
456,https://nuforc.org//sighting/?id=175823,05/16/2023 19:00,Tucson,AZ,USA,Disk,Hovering UFO,,,
457,https://nuforc.org//sighting/?id=176401,05/12/2023 22:00,Chapmanville,WV,USA,Orb,"3 orbs/fireballs in triangular formation flew silently at mountain top level. Made no noise, made 90 degree left turn and disappeared",,Y,
458,https://nuforc.org//sighting/?id=176358,05/11/2023 17:00,Kelmscott/Perth,Western Australia,Australia,Triangle,Black triangle craft sitting stationary above shops.,,,
459,https://nuforc.org//sighting/?id=175884,05/06/2023 21:15,Oak Grove,MO,USA,Disk,"7-10 orange lights heading north, followed by huge flying saucer, bottom illuminated by city lights. Followed by 7-10 military choppers",,,
460,https://nuforc.org//sighting/?id=179810,05/06/2023 19:00,Howell,MI,USA,Other,"A metal craft, flat metallic bottom, white top with a red strip, no sound",,Y,
461,https://nuforc.org//sighting/?id=175638,05/04/2023 21:15,Mellieha,Mellieħa,Malta,Other,No outline of the object it was like a long worm the sky was dark 15-20 lights emitting from what appeared to be its side,,,Starlink
462,https://nuforc.org//sighting/?id=178454,05/02/2023 22:00,bagdad,AZ,USA,Unknown,Beams emitted from two crafts,,,
463,https://nuforc.org//sighting/?id=175603,04/30/2023 14:00,Alma,CO,USA,Rectangle,"Daytime, low flying object",,,
464,https://nuforc.org//sighting/?id=175539,04/28/2023 20:56,Saugerties (Malden),NY,USA,Disk,I took off when the craft looked like it was turning around!,,Y,
465,https://nuforc.org//sighting/?id=182107,04/27/2023 21:00,Las Vegas,NV,USA,Light,"6 Golden Lights flashing Red, Blue, Green, Hovering over NW Desert near Golf Coarse / Creech AFB",,Y,
466,https://nuforc.org//sighting/?id=175523,04/27/2023 20:30,Portland,OR,USA,Light,Portland lights,,Y,
467,https://nuforc.org//sighting/?id=175531,04/24/2023 21:30,Londonn,,United Kingdom,Triangle,I saw a matte black long flat pyramid that seemed to hover in the sky. I ducked under the window and when I looked up it moved away,,,
468,https://nuforc.org//sighting/?id=176954,04/21/2023 22:00,Los Angeles,CA,USA,Flash,"UAP light show in Venice, CA",,Y,
469,https://nuforc.org//sighting/?id=175443,04/21/2023 21:25,Granbury,TX,USA,Oval,We were walking ABS suddenly saw 3 things in the sky,,Y,Chinese Lantern
470,https://nuforc.org//sighting/?id=178357,04/20/2023 14:00,Ware,MA,USA,Other,Driving along when suddenly a passenger in the backseat noticed an odd object in the sky on a clear day,,,
471,https://nuforc.org//sighting/?id=175432,04/19/2023 04:00,Encino,CA,USA,Changing,"Witnessed surreal UFO in Encino, CA. Massive object spinning with vibrant lights. Video evidence available for further investigation.",,Y,
472,https://nuforc.org//sighting/?id=175290,04/19/2023 00:30,Texarkana,AR,USA,Circle,"The pilot of BYA584 at FL270 approximately 41 miles southwest of Texarkana, AR reported lights off to the north.",,,
473,https://nuforc.org//sighting/?id=175472,04/18/2023 23:44,Vernon,TX,USA,Triangle,Object traveling south-west towards rural area of the county. Dark-gray triangle shaped craft. Massive area,,,
474,https://nuforc.org//sighting/?id=175312,04/17/2023 00:33,,-,USA,Light,Two bright lights reported by an aircraft at the SDZ 170 radial 014 mile fix,,,
475,https://nuforc.org//sighting/?id=175778,04/15/2023 21:00,Newberg,OR,USA,Rectangle,Sighted a large rectangular craft hovering above our property on a clear moonless night and viewed it for about five minutes.,,,
476,https://nuforc.org//sighting/?id=175332,04/15/2023 02:23,Cottage grove,OR,USA,Formation,Two unknown lights behaving strangely,,Y,
477,https://nuforc.org//sighting/?id=175468,04/13/2023 14:20,Rehoboth,DE,USA,Disk,"An unusually fast, straight tracking object, at passenger flight altitude",,,
478,https://nuforc.org//sighting/?id=175475,04/13/2023 00:30,Estimated around Grand Junction,CO,USA,Formation,"What seemed to be crafts with bright lights rotating in circle formations descending to earth, then ascending later on.",,,
479,https://nuforc.org//sighting/?id=175361,04/13/2023 00:00,Mount Ephraim,NJ,USA,Triangle,10’x10x10’ magnificent triangle craft aprox 25 feet in the air flew slowly over us and past us at a somewhat slow pace.,,,
480,https://nuforc.org//sighting/?id=175680,04/10/2023 23:00,Vacherie,LA,USA,Circle,USCG licensed captain on Miss River. Look up and saw object hovering over red tower light and it was so bright it reflected on water.,,Y,
481,https://nuforc.org//sighting/?id=175234,04/08/2023 18:45,Ocean Shores,New South Wales,Australia,Triangle,Large triangle non flashing lights silent moving fast,,,
482,https://nuforc.org//sighting/?id=175220,04/07/2023 02:35,,CA,USA,Orb,"3 orbs of light, similar to stars or planets. They would glow bright and then fade. They were stationary and then would reposition.",,,
483,https://nuforc.org//sighting/?id=175144,03/27/2023 23:15,"Boarder of Colorado, Utah and Wyoming",CO,USA,Light,"3 lights forming a triangle, converging, disappearing. Then reappearing forming a triangle, converging then disappearing again.",,,
484,https://nuforc.org//sighting/?id=176381,03/26/2023 21:28,Wilson,IN,USA,Triangle,Witnesses observed a bright triangular craft object hovering at tree top level,,,
485,https://nuforc.org//sighting/?id=175130,03/26/2023 21:10,Sedona,AZ,USA,Other,Boomerang/ triangle silent no lights <= 300meters above,,,
486,https://nuforc.org//sighting/?id=175113,03/24/2023 22:05,Rochester,MN,USA,Formation,Y shaped Formation,,Y,
487,https://nuforc.org//sighting/?id=175089,03/22/2023 21:45,Portland,OR,USA,Rectangle,Witnessed a rectangular ufo come closer to me but eventually came to a stop (a hover) just above some trees and take off again.,,,
488,https://nuforc.org//sighting/?id=175077,03/21/2023 21:09,Barnegat,NJ,USA,Disk,"2 Crafts seen, then 1 right near my car",,,
489,https://nuforc.org//sighting/?id=175008,03/14/2023 23:35,Madison,IN,USA,Disk,"I saw a disk (unknown material) with lights, the top was spinning one direction and the bottom was spinning the opposite direction.",,,
490,https://nuforc.org//sighting/?id=175091,03/12/2023 21:40,Oxnard,CA,USA,Unknown,"850' AGL directly overhead @ 65 mph air speed inline 1 behind the other each had 3 distinct extremely bright lights front, bottom, rear",,,
491,https://nuforc.org//sighting/?id=175014,03/10/2023 12:00,,,Unspecified,Orb,Extremely bright light that would fade in and out at high velocity in apparent sporadic tracks over the Pacific Ocean,,,
492,https://nuforc.org//sighting/?id=174959,03/08/2023 19:00,Kingsport,TN,USA,Unknown,"Brilliant light hovering over Holston Ordnance Army Ammunition Plant, then moved northeast very slowly",,,
493,https://nuforc.org//sighting/?id=174917,03/07/2023 03:40,Waco,TX,USA,Light,"One single slowly pulsing very bright light then multiple lights moving erratically (staying stationary, changing direction rapidly)",,Y,
494,https://nuforc.org//sighting/?id=174884,03/05/2023 03:30,,-,USA,Formation,Four to five pulsating bright lights that would fade in and out and would move around each other.,,,
495,https://nuforc.org//sighting/?id=183419,03/03/2023 19:45,Shelbyville,KY,USA,Triangle,"2 bright orbs stationary, undulating, one started moving as I drove up, turned into triangle ship right over me, moved slowly past",,,
496,https://nuforc.org//sighting/?id=174967,03/02/2023 20:38,Uxbridge,ON,Canada,Other,"Bright orb, rapidly grew size/brightness, shot across sky. Followed by slow/hovering triangular ufo with cloaking ability.",,,
497,https://nuforc.org//sighting/?id=175502,03/01/2023 03:30,Morgantown,WV,USA,Sphere,Reddish orange sphere hovering above neighbor's residence.,,,
498,https://nuforc.org//sighting/?id=174996,02/28/2023 19:59,At sea on a cruise ship NW of Cuba enroute to Cozumel,,Cuba,Orb,Blue-white orb moving north to south,,Y,
499,https://nuforc.org//sighting/?id=174936,02/27/2023 19:54,Atlanta,GA,USA,Cylinder,UAP spotted over Atlanta from 37000 feet,,Y,
500,https://nuforc.org//sighting/?id=174726,02/27/2023 00:15,Rosedale,MD,USA,Disk,Bright Hovering Disc.   The disc was vibrating and at one point there appeared to be beams of light passing to the ground.,,,
501,https://nuforc.org//sighting/?id=176957,02/25/2023 22:32,Austin,TX,USA,Triangle,Saw at a far distance 4 Y shaped liked objects hovering for 5 minutes in sky then they all separated and went different directions,,,
502,https://nuforc.org//sighting/?id=184190,02/19/2023 10:00,Taree,New South Wales,Australia,Orb,"I was depressed and frustrated at the time, asked God for a sign - he gave me one. Wow! did He.",,,
503,https://nuforc.org//sighting/?id=174365,02/09/2023 03:45,Montgomery,AL,USA,Sphere,We saw at least 10 bright starlight looking objects that flew fast and in various directions. Multiple other pilots on guard saw them,,,
504,,,,,,,,,,
505,https://nuforc.org//sighting/?id=184218,02/08/2023 08:00,Upper Clements,NS,Canada,Other,"A number of very clear, rather small foot (boot-like) prints left in the snow on our side deck the morning after a fresh snowfall.",,Y,
506,https://nuforc.org//sighting/?id=183024,01/19/2023 19:01,Sprague River,OR,USA,Oval,"Lights over Sprague River, Oregon and Unexplained Animal Deaths.",,Y,
507,https://nuforc.org//sighting/?id=176758,01/09/2023 20:15,Brisbane,Queensland,Australia,Disk,I saw iridescent green ufo 'saturn' shaped hovering over the 3 story apartment block.,,,
508,https://nuforc.org//sighting/?id=173978,01/04/2023 21:15,Forney,TX,USA,Chevron,Chevron shape hovering in place,,Y,
509,https://nuforc.org//sighting/?id=184129,12/28/2022 05:30,Rincón,Rincón,Puerto Rico,Cigar,Cigar Shaped craft hovering for about 3 minutes a few hundred feet above. It then sped towards the south at a very fast speed.,,,
510,https://nuforc.org//sighting/?id=179231,12/23/2022 23:11,Plain City,UT,USA,Triangle,Black triangle,,Y,
511,https://nuforc.org//sighting/?id=185210,12/20/2022 01:30,Junction City,OH,USA,Rectangle,Football stadium sized,,,
512,https://nuforc.org//sighting/?id=185710,12/16/2022 16:00,Columbus,NV,USA,Rectangle,Saw a silver rectangular ship fly off the ground and into the sky.,,,
513,https://nuforc.org//sighting/?id=173423,12/13/2022 22:30,Buckeye,AZ,USA,Triangle,"Black triangle with glowing warm orange lights at each corner. Silent, moved across sky. Almost invisible, seemed to be very large.",,Y,
514,https://nuforc.org//sighting/?id=173914,11/19/2022 21:56,Cockeysville,MD,USA,Chevron,We spotted a chevron-like craft seemingly very low to the ground with 2 faint circular lights on both wings with no visible light bulb.,,Y,
515,https://nuforc.org//sighting/?id=173814,11/09/2022 20:15,"Arrival into Eugene, OR",OR,USA,Light,Sighting of one to two extremely bright maneuvering lights at extreme distance and elevation.,,,
516,https://nuforc.org//sighting/?id=174614,11/02/2022 13:45,Chatsworth,CA,USA,Triangle,A flying pyramid with wings that releases flying black orbs,,,
517,https://nuforc.org//sighting/?id=182422,11/01/2022 19:30,Sault Ste. Marie,ON,Canada,Triangle,"Black triangle hovering at treetop level, size of a football field approx 50 yards off highway.",,,
518,https://nuforc.org//sighting/?id=175102,10/28/2022 21:08,NORTH CHELMSFORD,MA,USA,Circle,"I saw lights floating in the sky and moving in odd ways, and then they flew off all at once",,Y,
519,https://nuforc.org//sighting/?id=174562,10/27/2022 18:45,Southampton,Hampshire,United Kingdom,Unknown,Saw a large bright ship hovering above a house and by trees,,,
520,https://nuforc.org//sighting/?id=176379,10/12/2022 23:35,Bensville,New South Wales,Australia,Triangle,Two UFO's one following the other with extremely bright sparks emitting from their tips - no sound - one lightly laarger.,,,
521,https://nuforc.org//sighting/?id=175390,10/11/2022 22:17,Denver,CO,USA,Orb,Multiple sightings of maneuvering orbs,,Y,
522,https://nuforc.org//sighting/?id=178463,10/03/2022 13:00,,,International Waters,Rectangle,I saw a black bar in the clouds then as it came closer it turned on its side to face the plane.,,,
523,https://nuforc.org//sighting/?id=175112,09/17/2022 22:30,Sequim,WA,USA,Light,I was looking up into the sky and thought I was looking at a satellite,,,
524,https://nuforc.org//sighting/?id=175490,09/10/2022 15:00,"near village of Warrensville,",NC,USA,Rectangle,"appears similar to box kite, except metal, but open on one end, the leading end - see sketch attached",,Y,
525,https://nuforc.org//sighting/?id=181730,09/07/2022 14:20,Winamac,IN,USA,Orb,Chrome metal orb size of basketball,,,
526,https://nuforc.org//sighting/?id=181335,08/31/2022 18:48,Pineville,KY,USA,Disk,Observed a classic disc shaped object at very low altitude during daylight and clear skies.,,Y,
527,https://nuforc.org//sighting/?id=171506,08/29/2022 23:06,"Auburn, Enumclaw area",WA,USA,Cigar,"Outside we saw a black cigar shaped ufo with 2 white lights, one on each end.",,Y,
528,https://nuforc.org//sighting/?id=179371,08/29/2022 22:36,Haubstadt,IN,USA,Rectangle,I am an airline pilot. We were at 38000 ft when encountered,,,
529,https://nuforc.org//sighting/?id=171460,08/28/2022 20:45,Cairo,KY,USA,Unknown,Something hovering/ flying fast and erratic with only 2 lights.,,Y,
530,https://nuforc.org//sighting/?id=175452,08/24/2022 15:30,Gallipolis,OH,USA,Egg,"It was gold in color, stationary over the runway, then it shot off like a bullet to the North.",,,
531,https://nuforc.org//sighting/?id=182576,08/12/2022 07:30,Houston,TX,USA,Orb,Viewed orb on freeway float over and around cars including mine.,,,
532,https://nuforc.org//sighting/?id=171842,08/06/2022 19:30,Franklin,IN,USA,Circle,Observed doughnut shaped craft moving over my yard with excellent visibility conditions.,,,
533,https://nuforc.org//sighting/?id=181190,07/29/2022 21:05,Angora,MN,USA,Light,Disc/sphere shape with incredibly bright lights and a pulsating blue/white beam,,,
534,https://nuforc.org//sighting/?id=170711,07/26/2022 22:50,Greenwood,DE,USA,Other,HUGE unkn aircraft passed/glided directly overtop our vehicle. Moved slow /made NO sound until right overtop - unkn engine noise,,Y,
535,https://nuforc.org//sighting/?id=175677,07/24/2022 21:50,Cleburne,TX,USA,Triangle,"It was a clear night,I was outside at night looking for starlink satellites when I saw the ufo move from S to N. It was slow then fast.",,,
536,https://nuforc.org//sighting/?id=177099,07/23/2022 21:15,Friant,CA,USA,Disk,"Disk ""materializes"" in vertical position in the sky, 225 Ft. from me, then manuevers to horizontal position and descends behind hill",,,
537,https://nuforc.org//sighting/?id=175178,07/13/2022 02:45,St. Louisville,OH,USA,Triangle,"150ft off state rt over train track lights red, green",,Y,
538,https://nuforc.org//sighting/?id=180179,07/04/2022 21:45,King,NC,USA,Circle,"Bright red light, slow moving, no sound, made recorded video completely disappear, was approx 100ft over the tree tops",,,
539,https://nuforc.org//sighting/?id=170211,07/02/2022 13:50,Honolulu,HI,USA,Disk,Was a disk shape with a blue ring on the center with a metal gray looking color around the rest,,Y,
540,https://nuforc.org//sighting/?id=178761,06/27/2022 22:00,Dana Point,CA,USA,Triangle,"Three lights in triangle formation fell like a shooting star, leveled off like a fighter jet, and cruised over the ocean, disapperaing.",,,
541,https://nuforc.org//sighting/?id=174675,06/20/2022 21:00,,ON,Canada,Cylinder,Took a video of a travelling cylinder shape object next to the airplane I was sitting in.,,Y,
542,https://nuforc.org//sighting/?id=183399,06/19/2022 19:30,Arad,South District,Israel,Other,"Disc-shaped craft on its side with hole in it, flying low and then accelerating over hill",,,
543,https://nuforc.org//sighting/?id=176359,06/18/2022 02:00,Waterboro,ME,USA,Triangle,"Curved wing/possibly triangular craft, row of strobing white lights, silent, slow glide.",,,
544,https://nuforc.org//sighting/?id=180439,06/11/2022 21:30,Howell Township,NJ,USA,Triangle,"Slow and quiet moving triangle in the sky, with three lights on each corner of the craft, one dead center",,,
545,https://nuforc.org//sighting/?id=168635,06/01/2022 18:30,Navarre,FL,USA,Triangle,Large triangle with lights hovering at tree level,,,
546,https://nuforc.org//sighting/?id=168537,05/28/2022 03:40,Bakersfield,CA,USA,Rectangle,Rectangular Red/Green Celestial Entity/UFO,,Y,
547,https://nuforc.org//sighting/?id=174791,05/21/2022 13:22,Fond Du Lac,WI,USA,Disk,Daylight sighting of a large silver disc type object.,,,
548,https://nuforc.org//sighting/?id=183308,04/22/2022 19:00,Tulsa,OK,USA,Cube,"Cube Sighting with 6 friends, resulting in an OBE and Musical Savant Syndrome",,,
549,https://nuforc.org//sighting/?id=167447,04/10/2022 01:57,clarksburg,WV,USA,Cigar,2 craft meet on ridge and disappear,,,
550,https://nuforc.org//sighting/?id=167175,03/21/2022 19:30,Ho Chi Minh City,Ho Chi Minh City,Vietnam,Chevron,"Silent, dark chevron-shaped object flew over us and faded from view",,Y,
551,https://nuforc.org//sighting/?id=186948,03/12/2022 13:01,,VA,USA,Other,"Very large rectangular box shaped object, up to 280 meters on one side, calculated speed about 725 kph, silent.",,Y,
552,https://nuforc.org//sighting/?id=167028,03/10/2022 19:20,Haslet,TX,USA,Disk,Flying saucer in the sky,,Y,
553,https://nuforc.org//sighting/?id=177011,03/07/2022 07:00,honolulu,HI,USA,Orb,"3 orbs floating stationary above Oahu, seen on the eastside of kailua and later on over Honolulu/ala moana",,Y,Balloon?
554,https://nuforc.org//sighting/?id=166859,02/22/2022 14:30,Tucson,AZ,USA,Formation,I witnessed a huge V formation with 5 lights silently hovering.,,Y,
555,https://nuforc.org//sighting/?id=185148,02/09/2022 20:30,Virginia Beach,VA,USA,Light,Started as one object then increased in number,,,
556,https://nuforc.org//sighting/?id=166582,02/04/2022 22:05,,,Unspecified,Circle,A flash of green light lit the whole sky then a circular lit up aircraft came we thought it was a plane but it made no noise and didn't,,,
557,https://nuforc.org//sighting/?id=166553,02/01/2022 06:08,Cave Springs,AR,USA,Cross,X or Plus Sign shape moving slow and silent upward angle,,Y,
558,https://nuforc.org//sighting/?id=166988,01/28/2022 21:15,Yelm,WA,USA,Triangle,20+ triangular craft hovering in sky above us,,Y,
559,https://nuforc.org//sighting/?id=175934,01/22/2022 15:00,Montesano,WA,USA,Diamond,Chrome diamond craft that transformed into a shpere,,,
560,https://nuforc.org//sighting/?id=166330,01/19/2022 22:30,Navassa,NC,USA,Other,I witnessed a craft in extremely close proximity.,,Y,
561,https://nuforc.org//sighting/?id=176948,01/02/2022 05:50,Los Angeles,CA,USA,Star,Three star formation in. AM sky,,Y,
562,https://nuforc.org//sighting/?id=166098,01/01/2022 03:16,Anna,TX,USA,Circle,out to smoke looked up and 2 dark shapes above clouds with light around them and flickering,,Y,
563,https://nuforc.org//sighting/?id=166090,12/29/2021 21:26,Englewood,FL,USA,Triangle,"3 of us looking upward at clear night sky and we watch a large triangular shaped, relatively slow moving object for approximately 2 min",,Y,
564,https://nuforc.org//sighting/?id=166027,12/24/2021 23:00,Jacksonville Beach,FL,USA,Rectangle,Dark rectangular object with 6 lights flying North toward Atlantic Beach along the coast.,,Y,
565,https://nuforc.org//sighting/?id=166026,12/18/2021 07:00,,,Unspecified,Light,Saw a rare red light on the top of the clouds when flying at night.,,Y,
566,https://nuforc.org//sighting/?id=165888,12/16/2021 23:45,Cincinnati,OH,USA,Triangle,Look like 1 or 3 crafts from North traveling south in tight formation. Seemed to bob up and down as they traveled.,,Y,
567,https://nuforc.org//sighting/?id=165877,12/16/2021 17:15,San Diego,CA,USA,Triangle,Saw triangular shaped object,,,
568,https://nuforc.org//sighting/?id=165886,12/15/2021 20:45,Ocean Isle Beach,NC,USA,Changing,Sighting began with 2 orange glows proceeded by small randomly pulsating white lights. Then the lights moved back and forth in the sky.,,,
569,https://nuforc.org//sighting/?id=165873,12/15/2021 15:15,Syracuse,NY,USA,Fireball,"“Fireball” of green light, vertically descending then rapidly leveling to fly horizontally and disappearing like a light switch snapped",,,
570,https://nuforc.org//sighting/?id=165875,12/15/2021 00:45,Bradford,ON,Canada,Disk,"2 ufos hovering in my backyard, 40-50ft high",,,
571,https://nuforc.org//sighting/?id=165858,12/14/2021 06:00,Madison,NC,USA,Circle,"Object appeared, grew in size and brightness, reduced size and brightness then began to move.",,,
572,https://nuforc.org//sighting/?id=165872,12/12/2021 19:00,Jumping Branch,WV,USA,,Large object moving extremely slow. No sound. Red/yellow/white lights alternating in a pattern. Triangular/ovoid. Zero explanation,,,
573,https://nuforc.org//sighting/?id=165885,12/10/2021 22:45,Little Rock,AR,USA,Circle,It was 9 to 12 Orange Balls moving southwest,,,
574,https://nuforc.org//sighting/?id=165806,12/09/2021 21:00,Cisco Grove,CA,USA,Other,Object and lights forrest illumination,,,
575,https://nuforc.org//sighting/?id=165770,12/08/2021 19:30,Baldwin,MI,USA,Unknown,"Seen what I thought was a plane until it stopped in the air above my car, then I realized it was too low and slow to be any airplane.",,,
576,https://nuforc.org//sighting/?id=165805,12/08/2021 13:00,Newbury Park,CA,USA,Triangle,Semitransparent triangular craft with large white bright spheres on each of the three corners,,Y,
577,https://nuforc.org//sighting/?id=165655,12/03/2021 20:00,Hiddenite,NC,USA,Formation,long line of lights evenly spaced all moving in unisom,,,Starlink
578,https://nuforc.org//sighting/?id=165664,12/03/2021 19:00,Cannon AFB,NM,USA,Other,Line of about 20 white crafts moving in formation.,,Y,Starlink
579,https://nuforc.org//sighting/?id=165669,12/03/2021 19:00,Stockbridge,GA,USA,Other,Completely silent low altitude very long stream of lights traveling upward at a slow speed over Stockbridge GA at 7:09 PM,,Y,Starlink
580,https://nuforc.org//sighting/?id=165661,12/03/2021 18:30,Highlands Ranch,CO,USA,Cigar,"Line of lights lasted about 30 seconds, moving quickly at an angle",,Y,Starlink
581,https://nuforc.org//sighting/?id=165693,12/03/2021 18:30,Mission,KS,USA,Triangle,"Saw 1 black triangle flying East at low altitude. It was dark out. Solid green lights on 2 front corners, red light on back corner.",,Y,
582,https://nuforc.org//sighting/?id=165665,12/03/2021 18:00,Sparta,CO,USA,Formation,Saw the object while in flight,,Y,Starlink
583,https://nuforc.org//sighting/?id=165624,12/02/2021 18:30,Pinetop,AZ,USA,Circle,It was a bright light that stayed beside my car for about 10 minutes then disappeared. About 10 minutes later it was in front of me.,,Y,
584,https://nuforc.org//sighting/?id=165613,12/01/2021 19:30,Lords Valley,PA,USA,Triangle,A brightly lit triangle with many yellow lights on perimiter and interior of craft surface.,,,
585,https://nuforc.org//sighting/?id=165622,11/29/2021 01:00,Absecon,NJ,USA,Chevron,"Witness a triangular shaped object fly over my home on November 30, 2001 approximately 12:30-1:00 am. Crystal clear night sky.",,Y,
586,https://nuforc.org//sighting/?id=165869,11/26/2021 20:00,"Swift Creek, south of Raleigh",NC,USA,Other,"Five pulsing green lights and a large object that blocked out much of the sky, followed for five minutes",,Y,
587,https://nuforc.org//sighting/?id=182371,11/26/2021 11:45,Los Angeles,CA,USA,Disk,"Tilted disc towards me, hovering at about the height of a helicopter.",,Y,
588,https://nuforc.org//sighting/?id=165728,11/25/2021 23:00,Big Coppitt,FL,USA,Circle,Roundish orange colored object moving parallel to ground constant speed no sound,,Y,
589,https://nuforc.org//sighting/?id=176075,11/25/2021 14:30,Heber City,UT,USA,Sphere,Witnessed a metallic disc or sphere traveling East to West.,,,
590,https://nuforc.org//sighting/?id=165580,11/23/2021 20:30,Wheatfield Twp.,MI,USA,Sphere,Large sphere of blue light passed above the neighborhood.,,,
591,https://nuforc.org//sighting/?id=166072,11/22/2021 16:20,Chicopee,MA,USA,Other,Square white and light gray object circling in and out of the clouds.,,Y,
592,https://nuforc.org//sighting/?id=165522,11/21/2021 20:30,Claycomo,MO,USA,Circle,Circular object moving in NE direction. No sound or engine noise detected.,,Y,
593,https://nuforc.org//sighting/?id=165859,11/19/2021 17:00,Near Mt. Vernon,ME,USA,Sphere,"Spherical object which ejected a total of 10 smaller spheres, which disintegrated",,,
594,https://nuforc.org//sighting/?id=166049,11/18/2021 18:30,Hurley,WI,USA,Triangle,My kids and I witnessed an object maybe 100 feet above us.,,Y,
595,https://nuforc.org//sighting/?id=165800,11/17/2021 20:15,Phoenixville,PA,USA,Triangle,"Noiseless, triangular craft spotted flying low over Phoenixville, PA parking lot",,,
596,https://nuforc.org//sighting/?id=165775,11/15/2021 03:22,Auburndale,FL,USA,Circle,Huge Bright Moving Moon,,,
597,https://nuforc.org//sighting/?id=176875,11/13/2021 20:40,Jupiter,MO,USA,Triangle,Translucent silent triangle craft went right over me,,,
598,https://nuforc.org//sighting/?id=165798,11/10/2021 11:45,Ashford (UK/England),,United Kingdom,Other,I don’t know what this was,,,
599,https://nuforc.org//sighting/?id=184956,11/07/2021 02:41,Bethlehem,GA,USA,Triangle,Black Triangle UFO hovering and zigzagging near home. 150 from the ground when hovering. Three white lights on each corner and no Noise,,,
600,https://nuforc.org//sighting/?id=182883,10/30/2021 03:05,Warren,MI,USA,Changing,8-10 min changing from pink to orange and not having much of a shape. Then flew high behind the clouds and lit up 3x.,,,
601,https://nuforc.org//sighting/?id=177451,10/21/2021 23:10,Calgary,AB,Canada,Cigar,Object was flying east at great speed glowing bright florescent blue and changed direction instantly and 5 sec later it was gone,,,
602,https://nuforc.org//sighting/?id=185047,10/21/2021 00:01,Natchitoches,LA,USA,Rectangle,Large metallic rectangular craft with metal x shaped scaffolding on either side of it.,,,
603,https://nuforc.org//sighting/?id=175470,10/10/2021 23:00,Ringgold,LA,USA,Triangle,"Triangle shape with a light on each corner, one spotlight on me, hovering with no sound bigger than a car slow moving.",,Y,
604,https://nuforc.org//sighting/?id=180039,09/06/2021 13:00,Knjazevac,,Serbia,Circle,Undefined aircraft,,Y,
605,,,,,,,,,,
606,https://nuforc.org//sighting/?id=165722,09/03/2021 23:30,Ontario (Canada),ON,Canada,Sphere,"Seen lights flashing in the sky like high beams. Lights stopped, seconds later an enormous sphere with giant coloums appeared.",,,
607,https://nuforc.org//sighting/?id=182415,08/21/2021 03:30,Winslow,IN,USA,Triangle,Huge triangle above me hovering with 3 lights shape of a traingle,,,
608,https://nuforc.org//sighting/?id=175116,08/19/2021 22:30,Port Angeles,WA,USA,Disk,Stargazing with binoculars I saw a ship land on the mountain in front of my home,,,
609,https://nuforc.org//sighting/?id=183673,08/09/2021 04:15,,ID,USA,Sphere,Being walking out of woods into electrical glowing field.,,,
610,https://nuforc.org//sighting/?id=178319,07/31/2021 03:30,Klerksdorp,North West,South Africa,Other,UAP over Rhino Sanctuary.,,Y,
611,https://nuforc.org//sighting/?id=177308,06/22/2021 00:36,Buffalo,NY,USA,Teardrop,The large metallic object sat just above the trees,,,
612,https://nuforc.org//sighting/?id=175364,06/11/2021 22:15,Huntley,IL,USA,Unknown,Clear night sky van-sized object floating no sound,,,
613,https://nuforc.org//sighting/?id=181554,06/05/2021 07:30,Rainhill,England,United Kingdom,Sphere,Brushed aluminium silver solid metallic sphere dropped from the sky and crossed directly overhead.,,,
614,https://nuforc.org//sighting/?id=177435,05/21/2021 19:20,Owensboro,KY,USA,Disk,"Saucer disk larger than a large SUV ascended from the field next to my house, where I lived at the time, in a tumbling motion.",,,
615,https://nuforc.org//sighting/?id=180051,05/21/2021 17:40,Robertson,Western Cape,South Africa,Orb,Craft approached me with 1 very strong but not blinding centre light parking above me from ca.25 metres,,,
616,https://nuforc.org//sighting/?id=175440,05/21/2021 16:40,Not sure (was in airplane),,Unspecified,Sphere,"A spinning silverish sphere passed under my aircraft at high rate of speed, saw out window.",,,
617,https://nuforc.org//sighting/?id=175496,05/15/2021 21:45,W.T. Wooten Wild Life Are,WA,USA,Oval,Unpacking for camp we all see large cylinder 200 yards long with 6 lights on it moving slow and making no sound 400 to 500 yards away,,,
618,https://nuforc.org//sighting/?id=165887,05/10/2021 12:15,North of Sarasota,FL,USA,Oval,"Various UFO's photographed May 10, 2021 from a United Airlines airplane between St. Petersburg and Sarasota FL.",,Y,
619,https://nuforc.org//sighting/?id=183409,05/09/2021 04:50,Saint Labre,MB,Canada,Rectangle,I was outside and saw an object floating above my house.,,Y,
620,https://nuforc.org//sighting/?id=176140,05/06/2021 18:48,Moab,UT,USA,Sphere,"Filmed two spherical metal objects fly by, both following the same flight path.",,Y,
621,https://nuforc.org//sighting/?id=174998,04/09/2021 22:25,Woodstock,NH,USA,Disk,Blinking lights in the sky on normal route home and 4 hours of missing time,,,
622,https://nuforc.org//sighting/?id=181061,03/11/2021 18:45,Clinton,MS,USA,Triangle,"Triangle, about 20-25 ft sides. Moved slowly ( 20-35 mph). No sound. Red light on bottom in middle. Really bright white light on front",,,
623,https://nuforc.org//sighting/?id=179060,03/01/2021 08:15,Richardson,TX,USA,Cylinder,Very large fat Cylinder craft close to my location,,Y,
624,https://nuforc.org//sighting/?id=162304,02/28/2021 08:20,Kennewick,WA,USA,Triangle,Huge black triangle with 3-4 lights on the sides floating above my house.,,Y,
625,https://nuforc.org//sighting/?id=174954,02/11/2021 06:17,,MI,USA,Orb,"UFO flew at high speeds from out of sight, stopped above field, shot out yellow plasma propellant, flew out of sight in 1 second",,Y,
626,https://nuforc.org//sighting/?id=178517,01/21/2021 15:05,Clifton,VA,USA,Unknown,"8 Objects Seen High in Circular Formation, 6 Disappear, and 2 Travel West",,,
627,https://nuforc.org//sighting/?id=176390,01/18/2021 03:28,Port Coquitlam,BC,Canada,Orb,"Entity resembling grey alien in my home left my daughters room, then in my room sedated me.  I woke 4 mins later to see orb outside",,Y,
628,https://nuforc.org//sighting/?id=179402,01/01/2021 03:00,,,International Waters,Orb,Orb flying sporadically a few hundred yards off of our cruise ship.,,Y,
629,https://nuforc.org//sighting/?id=175503,10/31/2020 00:03,Manassas,VA,USA,Triangle,On 10/31/20 at 12:03am a brightly lit triangle passed silently over my car.Entire structure lit from inside.,,Y,
630,https://nuforc.org//sighting/?id=179585,10/08/2020 14:28,Norman,OK,USA,Rectangle,"Viewed a 5"" by 5"" UFO with an orbiter 15 ft away.",,Y,
631,https://nuforc.org//sighting/?id=179052,09/30/2020 18:45,Seymour,CT,USA,Rectangle,Me and My fiance on our way to dinner have a rectangular UFO the size of a football field silently fly over car,,,
632,https://nuforc.org//sighting/?id=181185,09/24/2020 21:30,Chico,CA,USA,Unknown,"after checking out the bear fire, very large craft lept from under 10,000ft to outer space in 1 sec, and zipped around ~10,000mph+",,,
633,https://nuforc.org//sighting/?id=175599,08/17/2020 22:14,Canton,GA,USA,Triangle,A very large triangle shaped object low to the ground,,,
634,https://nuforc.org//sighting/?id=165638,07/20/2020 22:00,Birmingham (UK/Wales),United Kingdom,United Kingdom,Rectangle,Bus sized craft moving overhead at about 20 miles an hour. Silent with rear facing triple powerful lights still in view 20 min,,,
635,https://nuforc.org//sighting/?id=177385,07/14/2020 22:30,Horseshoe Bay,TX,USA,Diamond,"Small, black, diamond shaped aircraft that operated silently and at supersonic speed",,Y,
636,https://nuforc.org//sighting/?id=182344,07/01/2020 22:30,Myrtle Beach,SC,USA,Disk,As a Blackhawk crewchief I witnessed something that looked like the energizer bunny witness commercial.,,,
637,https://nuforc.org//sighting/?id=182680,06/04/2020 02:15,East Greenwich,RI,USA,Cigar,Very large object lower then the altitude of a small aircraft,,,
638,https://nuforc.org//sighting/?id=181886,05/13/2020 23:59,Haslet,TX,USA,Cigar,"Observed an orb of light in the sky moving in an unusual pattern. Disappeared & reappeared right behind my home, less than 250-300 yrds",,,
639,https://nuforc.org//sighting/?id=165569,02/21/2020 19:30,Scottsdale,AZ,USA,Other,"Bank of what looked like blacklight screens flashing hypnotic patterns over intersection, then turning and floating off",,Y,
640,https://nuforc.org//sighting/?id=160151,01/15/2020 02:00,Los Angeles,CA,USA,Sphere,I awoke to find an udulating beach ball sized black sphere hovering in my kitchen.,,Y,
641,https://nuforc.org//sighting/?id=180220,01/01/2020 19:00,Fort Scott,KS,USA,Light,"Blinding light enveloped us while driving, missing time",,,
642,https://nuforc.org//sighting/?id=151509,11/20/2019 23:17,,,Unspecified,Sphere,Bright object resembling star or satellite in night sky traveling at tremendous speed does figure 8 above our cruise ship in night sky.,,,
643,https://nuforc.org//sighting/?id=151616,10/31/2019 18:00,Saint Paul,MN,USA,Rectangle,Detailed sighting of a black rectangular craft with circles on the bottom.  Seen traveling then vanished!,,Y,
644,https://nuforc.org//sighting/?id=183870,09/18/2019 20:30,Tuscola,IL,USA,Triangle,pure black triangle huge with 7 red lights very slow moving north to south watched it till the angle became to hard to see it,,,
645,https://nuforc.org//sighting/?id=186942,08/16/2019 22:30,Northfield,MA,USA,Other,"Flew over our car, dead silent. It had turned off the lights we'd seen, flying just over treetops",,Y,
646,https://nuforc.org//sighting/?id=185409,08/08/2019 08:45,Chicago,IL,USA,Other,"Metallic pill shaped craft, no windows or obvious method of propulsion",,,
647,https://nuforc.org//sighting/?id=177464,07/19/2019 21:00,Seabrook,TX,USA,Triangle,"At 9pm on a Thursday evening, a triangle-shaped aircraft flew over my backyard--virtually silent, with 3 circles of lights underneath.",,,
648,https://nuforc.org//sighting/?id=148793,07/15/2019 20:25,Piqua,OH,USA,Rectangle,"An opening (hole, portal) in the fabric of space.  ((NUFORC Note:  See excellent illustration by witness on NUFORC homepage.  PD))",,Y,
649,https://nuforc.org//sighting/?id=175803,06/01/2019 19:00,Olympia,WA,USA,Circle,"2 round UFOs, quietly hovering over a field about 200 yards from myself. They moved horizontally very quickly in unison then flew up.",,,
650,https://nuforc.org//sighting/?id=187217,05/18/2019 02:00,Al Hofuf,Eastern Province,Saudi Arabia,Orb,"A basketball-sized orb with shifting light spikes blocked my path at 2 AM, emitted sparks when I shouted, then shrank and vanished.",,,
651,https://nuforc.org//sighting/?id=183566,02/01/2019 02:00,Umatilla,FL,USA,Triangle,"A large triangular craft moving toward and away from Pinecastle Impact Range in Ocala National Forest, and others",,Y,
652,https://nuforc.org//sighting/?id=144281,01/03/2019 17:20,Easthampton,MA,USA,Diamond,Bright white lights of a diamond shaped craft seen above Connecticut river on Easthampton/Northampton line (rt. 5).,,Y,
653,https://nuforc.org//sighting/?id=177328,12/20/2018 16:40,Sparks,NV,USA,Oval,"""Saw a black, oval-shaped UFO hovering and shifting directions over Sparks, NV mountains on Dec 20, 2018. Object became transparent wh",,Y,
654,https://nuforc.org//sighting/?id=182104,12/19/2018 19:45,Driggs,ID,USA,Changing,A cloud was flickering and a huge object came out of cloud,,Y,
655,https://nuforc.org//sighting/?id=182933,12/13/2018 20:00,Cleveland,GA,USA,Triangle,Saw a large black triangle with lights move very quickly over road.,,,
656,https://nuforc.org//sighting/?id=181964,12/11/2018 06:00,Ciliau Aeron,Wales,United Kingdom,Sphere,"A house-sized orb flying West then hovering, then East, sparks of molten metal.",,,
657,https://nuforc.org//sighting/?id=143949,11/30/2018 22:30,Seven Devils,NC,USA,Rectangle,"Football field sized rectangle, black, near Boone N.C. that disappeared at a high rate of speed.",,Y,
658,https://nuforc.org//sighting/?id=178929,11/23/2018 21:00,Terre Haute,IN,USA,Changing,Triangular/diamond shaped craft with orange lights hovered above street lights for several minutes over traffic.,,,
659,https://nuforc.org//sighting/?id=143562,10/23/2018 06:05,Winston-Salem,NC,USA,Triangle,At 6 am today (10-23-2018) to have a cigarette and a minute or two later directly above me was a object 100ft wide 50ft length.,,Y,
660,https://nuforc.org//sighting/?id=174836,10/17/2018 11:34,Fort Richardson,AK,USA,Disk,"Craft was hovering in place over hangers, flew south-west and upwards faster than any commercial or military craft I've seen.",,,
661,https://nuforc.org//sighting/?id=143381,10/04/2018 21:30,SE Arizona (I-10 EB),AZ,USA,Disk,Translucent saucer shaped object with bright Peridot green almost hypnotic bright lights on both ends,,,
662,https://nuforc.org//sighting/?id=175048,09/15/2018 20:00,Hemet,CA,USA,Triangle,"Black triangle, moving slowly over a crowded street for about 10-15 seconds",,Y,
663,https://nuforc.org//sighting/?id=165751,08/15/2018 22:30,Ontario (Canada),ON,Canada,Light,Light encircling my truck.,,,
664,https://nuforc.org//sighting/?id=166359,08/13/2018 02:30,Skopje,Butel Municipality,Macedonia,Other,"Object was boomerang shaped, it had big white lights and it moved very fast from west to east, around the height that a plane flies on",,Y,
665,https://nuforc.org//sighting/?id=181106,07/21/2018 00:00,Whitehall,MT,USA,Unknown,Spinning craft on a vertical axis,,,
666,https://nuforc.org//sighting/?id=180104,06/20/2018 18:00,Hiddenhausen,Nordrhein-Westfalen,Germany,Cigar,A huge tube right in the sky in front of my nose.,,,
667,https://nuforc.org//sighting/?id=180710,06/16/2018 00:00,Salida,CO,USA,Unknown,Gaseous purple orb pulsating in sky very bright lit up area like firework no sound purple light on outside pink light inside,,,
668,https://nuforc.org//sighting/?id=176254,04/17/2018 23:00,East Meadow,NY,USA,Triangle,"Large triangular shaped ship hovered in the sky, no noise, deep black…",,,
669,https://nuforc.org//sighting/?id=177823,02/14/2018 19:00,Monrovia,MD,USA,Orb,"Orb entered my house, into my family room from kitchen area, orb crossed in front of me made a 90 degree turn toward me to my left gone",,,
670,https://nuforc.org//sighting/?id=137810,12/14/2017 19:00,Santa Fe,NM,USA,Triangle,"Triangular object with bright green lights near Santa Fe, NM.",,Y,
671,https://nuforc.org//sighting/?id=178332,11/17/2017 16:20,Beaver,UT,USA,Cylinder,"The UFO came from the eastern mountains and continued over Beaver, Utah to the west side of Utah I-15.",,,
672,https://nuforc.org//sighting/?id=183885,11/12/2017 21:00,Franklin,NC,USA,Rectangle,large and slow moving object,,,
673,https://nuforc.org//sighting/?id=181067,11/06/2017 21:30,Terra Bella,CA,USA,Triangle,Football field triangle shape slow flying and low and 2 jet fighters escorting,,,Aircraft?
674,https://nuforc.org//sighting/?id=136360,09/24/2017 20:45,Mount Holly,NC,USA,Light,"A formation of bright yellow-orange lights, motionless, and electrical effects.",,Y,
675,https://nuforc.org//sighting/?id=136234,09/18/2017 22:55,Superior,CO,USA,Chevron,"Large, fast chevron flies directly overhead.",,Y,
676,https://nuforc.org//sighting/?id=136100,09/09/2017 22:30,Monroe,OH,USA,Light,"Formation of red lights over Monroe, Ohio.",,Y,
677,https://nuforc.org//sighting/?id=175701,08/11/2017 00:30,Georgetown,KY,USA,Disk,"It was about 300 to 500 feet long, it had lights all over it, it made no sound at all, it had huge cylinder stacks on top",,Y,
678,https://nuforc.org//sighting/?id=135305,07/22/2017 22:15,Montreal (Canada),QC,Canada,Triangle,"Green illuminated ""V"" shape seen above Montreal, Quebec, Canada. ((NUFORC Note:  Witness is skilled & highly educated scientist.  PD))",,Y,
679,https://nuforc.org//sighting/?id=177046,07/14/2017 16:30,Tacoma,WA,USA,Light,"I seen a huge light, we were being elevated. I couldn't tell if it was the whole truck or just me or us both.",,,
680,https://nuforc.org//sighting/?id=165720,07/10/2017 23:00,Elmira,NY,USA,Triangle,5 friends and myself see black craft come through valley and hover over us,,,
681,https://nuforc.org//sighting/?id=185330,07/07/2017 22:00,New York,NY,USA,Sphere,"White sphere hovered over to my backyard, stayed stagnant for about 40 seconds and slowly left.",,,
682,https://nuforc.org//sighting/?id=186051,06/13/2017 02:30,Gesves,Région Wallonne,Belgium,Cube,Square drone shape the size of a stadium,,,
683,https://nuforc.org//sighting/?id=183132,05/10/2017 23:00,McComb,MS,USA,Triangle,3 spiral orange circles in triangle formation,,,
684,https://nuforc.org//sighting/?id=174963,05/02/2017 15:30,Manhattan,UT,USA,Disk,"We saw two wobbly disc shaped flying saucers flying down the street, they then went behind a building and we lost sight of them.",,,
685,https://nuforc.org//sighting/?id=182204,05/02/2017 15:30,New York,NY,USA,Disk,"We saw two wobbly disk shaped flying saucers slowly flying down the street, they went behind a building and we lost sight of them.",,,
686,https://nuforc.org//sighting/?id=133835,04/25/2017 23:45,Ponca City,OK,USA,Circle,"Flying on American airline flight 299 to Tulsa, saw 2 craft.  One a half circle with two lights bordering the entire outer edge.",,Y,
687,https://nuforc.org//sighting/?id=133724,04/19/2017 23:55,Newton,AL,USA,Triangle,Silent triangle UFO.,,Y,
688,https://nuforc.org//sighting/?id=132359,01/28/2017 20:50,Sahuarita,AZ,USA,Formation,"Formation of steady, orange lights east of Sahuarita AZ traveling SSW.  Visible for appx. 6 minutes.",,Y,
689,https://nuforc.org//sighting/?id=131791,12/15/2016 20:00,Davie,FL,USA,Egg,Ultra-Bright White Blimp like Object.  ((anonymous report)),,Y,
690,https://nuforc.org//sighting/?id=131701,12/10/2016 18:30,Lahaina,HI,USA,Rectangle,"White/blue bright object travelling west @ 6:30 pm over Pacific Ocean in Lahaina, HI.",,Y,
691,https://nuforc.org//sighting/?id=131630,12/04/2016 22:40,Huntington Beach,CA,USA,Chevron,Fast-moving craft with gray lights over suburban Huntington Beach.,,Y,
692,https://nuforc.org//sighting/?id=175804,11/20/2016 14:00,Sylmar,CA,USA,Unknown,"Metallic and silent, slowly rotating object passes over my house in the afternoon.",,Y,
693,https://nuforc.org//sighting/?id=180026,11/13/2016 20:16,Wheeling,West Virginia,USA,Triangle,3 triangle crafts hovering along side of Rt 70 in WV. PA. State line,,Y,
694,https://nuforc.org//sighting/?id=130601,10/11/2016 13:35,Ocean Shores,WA,USA,Circle,Saw a large white ball with tail made it look like Star Ship Enterprise clear sky.,,Y,
695,https://nuforc.org//sighting/?id=184415,09/06/2016 20:20,Angus,ON,Canada,Other,Craft hovered about 100 feet over and back of houses top part rotated slowly pulsating orange lighting shot away rapidly millisecond,,Y,
696,https://nuforc.org//sighting/?id=182745,08/20/2016 00:00,Independence,KY,USA,Triangle,it was 3 white lights in a triangle with one red in the middle. shot out a blueish white beam,,Y,
697,https://nuforc.org//sighting/?id=182820,08/19/2016 02:32,Farnborough,England,United Kingdom,Triangle,I saw 3 orbs in the sky that docked to the bottom of a large triangle ship,,,
698,https://nuforc.org//sighting/?id=129302,08/16/2016 04:10,Edison,NJ,USA,Triangle,Lighted  Triangular Crafts sighted within minutes of each other HIGH OVERHEAD.,,Y,
699,https://nuforc.org//sighting/?id=182142,08/16/2016 00:30,Lexington,KY,USA,Circle,It hovered over my car about 30 feet above and in front,,,
700,https://nuforc.org//sighting/?id=183498,08/15/2016 16:00,Karlsborg,Västra Götaland,Sweden,Light,"I would not exactly call it a light. Orange, all sound quiet except low humming. heavy air, no time. It may been a craft,",,,
701,https://nuforc.org//sighting/?id=129626,08/13/2016 21:00,Teston (UK/England),,United Kingdom,Triangle,Triangular object with white & blue lights.,,Y,
702,https://nuforc.org//sighting/?id=179818,08/13/2016 13:00,Strawberry lake,OR,USA,Disk,USO submerged just under surface of lake water.,,,
703,https://nuforc.org//sighting/?id=185382,07/15/2016 23:45,,Pará,Brazil,Cigar,"At 12 a.m. in Pará, I saw a spinning metallic UFO, ran in fear, and broke into my aunt's house. It vanished at incredible speed.",,,
704,https://nuforc.org//sighting/?id=158546,07/01/2016 11:00,In-flight sighting,AR,USA,Sphere,"Round dark metallic object 70 yards from jet aircraft at 30,000 feet.",,,
705,https://nuforc.org//sighting/?id=184115,06/26/2016 19:00,Akron,OH,USA,Circle,Large Round / Circle Unidentified spaceship hovering above highway,,,
706,,,,,,,,,,
707,https://nuforc.org//sighting/?id=185672,06/10/2016 15:00,Oceanside,CA,USA,Disk,"I and other children saw it, we ran towards it, we froze and stared as if we couldn't move. I felt numb it evaporated with gassy colors",,,
708,https://nuforc.org//sighting/?id=127734,06/06/2016 10:30,Cedarcreek,MO,USA,Cigar,"Spindle-shaped object with no wings, no sound, no vapor trail seen in clear sky in daylight.",,Y,
709,https://nuforc.org//sighting/?id=179826,06/01/2016 11:00,Pinellas Park,FL,USA,Rectangle,"A large, black rectangular box-shaped object in the sky slowly moving eastward, then westward.",,,
710,https://nuforc.org//sighting/?id=181250,05/15/2016 19:30,Fairfax,VA,USA,Triangle,Triangle craft spotted hovering over neighborhood house,,,
711,https://nuforc.org//sighting/?id=127376,05/12/2016 23:20,Shanghai (China),,China,Triangle,"Triangular (V-shaped) flying object spotted in Shanghai, China near Hongqio airport (2016/05/12 @ 23:20)",,Y,
712,https://nuforc.org//sighting/?id=184621,03/18/2016 19:00,Moab,UT,USA,Rectangle,Never heard of anything like this anywhere,,,
713,https://nuforc.org//sighting/?id=125792,02/10/2016 05:15,Lebanon,OR,USA,Orb,Large circular craft flew silently over man walking his dog.,,Y,
714,https://nuforc.org//sighting/?id=181393,01/23/2016 02:00,Sardis,MS,USA,Teardrop,Close range sighting of two craft hovering next to I55 south of Memphis TN during blizzard,,,
715,https://nuforc.org//sighting/?id=125121,01/03/2016 23:00,Woodbury,MN,USA,Triangle,"Triangular aircraft with blue/pink lights arranged into a triangle at the base, blinking every second, quiet & hovering low in the sky.",,Y,
716,https://nuforc.org//sighting/?id=174885,01/01/2016 17:00,Syracuse,NY,USA,Orb,"Orb of white light bolted up from ground to cloud level, stopped, then continued beyond the clouds, silently at ~mach 5.",,Y,
717,https://nuforc.org//sighting/?id=178218,12/10/2015 04:00,Fairgrove,MI,USA,Rectangle,Large square object floating silently slowly overhead and an object flew out and went in opposite direction.,,,
718,https://nuforc.org//sighting/?id=176899,10/15/2015 14:30,Boomer,NC,USA,Other,Saw a shiny whirlwind of maybe 20 small silver orbs that rose up off the ground and proceeded to form a shiny whirlwind.,,,
719,https://nuforc.org//sighting/?id=183872,10/06/2015 15:02,Topanga,CA,USA,Other,"I didn’t see a craft, I saw an owl.",,,
720,https://nuforc.org//sighting/?id=127386,09/18/2015 22:20,Jemez Springs,NM,USA,Diamond,Diamond shape objects flying low altitude in Jemez Springs.,,Y,
721,https://nuforc.org//sighting/?id=183598,07/04/2015 21:00,Saint Joseph,MO,USA,Other,"Pure Black with white lights underneath, like I never saw before military jets chasing it",,,
722,https://nuforc.org//sighting/?id=179160,06/22/2015 16:28,"Brzeziny, Witkowice Łódzkie",Łódź Voivodeship,Poland,Circle,"I saw a circle flying from one end of the plot to the other, it had smaller circles around its circumference, it was larger than house.",,Y,
723,https://nuforc.org//sighting/?id=132704,06/20/2015 13:30,Tulsa,OK,USA,Sphere,"It was approximately noon in southern Tulsa, and my sister, mother and I were headed back from lunch. We saw a strange coppery, round o",,Y,
724,https://nuforc.org//sighting/?id=180818,05/09/2015 19:30,Springfield,OR,USA,Orb,I saw a large circular “orb” in the sky. I watched it for awhile. And then it took off and disappeared.,,,
725,https://nuforc.org//sighting/?id=126817,04/11/2015 23:55,Hayward,CA,USA,Disk,"Large, Green UFO saucer sighted flying over San Francisco Bay.  Size:  100 Yards across!  Very clear details.",,Y,
726,https://nuforc.org//sighting/?id=183425,04/02/2015 23:56,Aiken,SC,USA,Cone,Super bright white exenon type cone light.,,,
727,https://nuforc.org//sighting/?id=180898,03/11/2015 12:00,Broomfield,CO,USA,Formation,Standing watch on the bridge wing and seen amber lights surround us and act strangely,,,
728,https://nuforc.org//sighting/?id=117716,03/09/2015 20:35,Florence,OR,USA,Other,Dark dome shaped object over house.,,Y,
729,https://nuforc.org//sighting/?id=117619,03/05/2015 04:14,Stillwater,MN,USA,Triangle,Black triangle with 3 white lights and center red light.,,Y,
730,https://nuforc.org//sighting/?id=165517,03/04/2015 16:30,Clear Lake,CA,USA,Cigar,I saw a cigar shaped craft with black rectangular doors or windows that moved with no sound and it stayed still in high winds,,Y,
731,https://nuforc.org//sighting/?id=117121,02/01/2015 19:40,Tempe,AZ,USA,Triangle,"I live in Tempe, AZ, a city in the Phoenix metroplex area.  As you are probably aware, the Super Bowl was hosted here in Pho",,Y,
732,https://nuforc.org//sighting/?id=118681,01/15/2015 02:30,"Lordsburg (E of, on I-10; 10 mi. W of AZ)",NM,USA,Triangle,"Large, unmarked, grey triangle shaped craft with bowl shaped hull underside as if to deflect heat upon re-entry under camo-net.",,Y,
733,https://nuforc.org//sighting/?id=180185,01/01/2015 03:00,Westerly,RI,USA,Unknown,"From my living room I was awakened and compelled to look out my window, that's when I saw a large round bright light in the sky.",,,
734,https://nuforc.org//sighting/?id=178348,12/31/2014 23:00,Poquoson,VA,USA,Orb,"One big red glowing orb split into many smaller orbs and shot across the sky at unfathomable speed, then formed a line and disappeared.",,,
735,https://nuforc.org//sighting/?id=165575,12/21/2014 16:30,Warren,PA,USA,Changing,Large shape-shifting object sitting directly above hill on far side of the the valley,,,
736,https://nuforc.org//sighting/?id=116486,12/08/2014 22:00,Military training site,NM,USA,Formation,Three lights near our training site.,,Y,
737,https://nuforc.org//sighting/?id=177377,11/15/2014 23:00,Walford,ON,Canada,Orb,Giant circle orb that was perfectly white sitting above tree line about the size of the moon but close up,,,
738,https://nuforc.org//sighting/?id=184101,11/01/2014 03:30,Stevenson,AL,USA,Orb,"Hovering, spinning, plasma foggy like orb",,Y,
739,https://nuforc.org//sighting/?id=179396,08/13/2014 20:02,Seneca,PA,USA,Triangle,I saw a giant...GIANT flying triangle at close distance directly above,,,
740,https://nuforc.org//sighting/?id=176037,07/21/2014 21:34,Torrelodones,Madrid Province,Spain,Unknown,Close Encounter in our garden. Entities could be heard but not seen.,,Y,
741,https://nuforc.org//sighting/?id=178902,07/15/2014 15:30,San Antonio,TX,USA,Disk,Disk that was about 200-3000 ft above the bridge.,,,
742,https://nuforc.org//sighting/?id=185098,06/13/2014 19:30,Los Angeles,CA,USA,Orb,They were fast and bright,,,
743,https://nuforc.org//sighting/?id=176496,06/01/2014 23:59,Nanaimo,BC,Canada,Orb,Two white orbs stationary in the night sky; left orb shot off horizontally and curved upwards very fast; right orb crept away slow,,,
744,https://nuforc.org//sighting/?id=177336,04/12/2014 20:04,Oahu,HI,USA,Triangle,Triangle craft roughly 150-180 feet across,,,
745,https://nuforc.org//sighting/?id=186305,12/04/2013 21:30,Temperley,Provincia de Buenos Aires,Argentina,Triangle,"I was with my mother in the patio looking at the sky sitting on the deck chair, and suddenly a dull white orb passed from left to right",,,
746,https://nuforc.org//sighting/?id=105032,12/01/2013 19:37,Oklahoma City (near),OK,USA,Circle,Bright orange-ish round objects over I-35,,Y,
747,https://nuforc.org//sighting/?id=175185,11/28/2013 17:30,Clovis,CA,USA,Rectangle,Very large object slowly became visible with sound,,,
748,https://nuforc.org//sighting/?id=186923,11/10/2013 20:30,Coraopolis,PA,USA,Triangle,A large silent triangular UAP hovered above my car,,,
749,https://nuforc.org//sighting/?id=102673,09/26/2013 20:23,Turlock,CA,USA,Chevron,"Observed a ""V"" shaped UFO with 15 whitish-yellow lights traverse 105 degrees of sky in 10 seconds, on a heading of 150.",,Y,
750,https://nuforc.org//sighting/?id=184073,09/14/2013 20:56,Cullera,Valencia,Spain,Triangle,"Triangle, old car and humanoids",,,
751,https://nuforc.org//sighting/?id=101320,08/19/2013 20:20,Galatia,IL,USA,Cylinder,"Aircraft with three large triangles of lights, one red triangle with two white triangles on each side rose from a nearby field.",,Y,
752,https://nuforc.org//sighting/?id=178439,08/15/2013 23:15,Locke,AR,USA,Triangle,"We were lost and driving on a dirt road when all the sudden we came up on a triangular craft hovering ten feet off the ground silent,",,,
753,https://nuforc.org//sighting/?id=184092,08/15/2013 02:00,Wichita,KS,USA,Unknown,Strange sounds like deep in the Earth then above the house.,,,
754,https://nuforc.org//sighting/?id=185370,07/31/2013 23:30,Santuario,Liguria,Italy,Disk,"A flying disk moving east, rotating and illuminated by many white lights, one blue center light and an orbitating red light.",,Y,
755,https://nuforc.org//sighting/?id=184276,06/15/2013 23:00,Parnell,MO,USA,Disk,Observed a rotating white light 200-300 yards behind a tree line for 30 mins. Observed line of lights that flashed yellow and gone.,,,
756,https://nuforc.org//sighting/?id=175319,06/01/2013 20:00,Corona,CA,USA,Cigar,"While preparing to, and exiting the freeway the craft followed the driver's side of the car at a distance of 10-12 feet.",,,
757,https://nuforc.org//sighting/?id=97928,05/22/2013 06:30,In flight,,Unspecified,Sphere,Unexplained glowing sphere in-flight en-route to LAX.  ((NUFORC Note:  Report from airline pilot.  PD)),,,
758,https://nuforc.org//sighting/?id=178715,05/18/2013 04:00,Marble Falls,TX,USA,Other,A meteor that change course flew over me.,,,Meteor?
759,https://nuforc.org//sighting/?id=187781,04/24/2013 19:45,West Chester,PA,USA,Triangle,Asymmetrical craft makes a pit stop,,Y,
760,https://nuforc.org//sighting/?id=174931,03/13/2013 15:00,Plano,TX,USA,Orb,"Around 3 PM in the afternoon observed two white orbs hovering, two additional orbs approached, 4 orbs equidistant oriented N and S",,,
761,https://nuforc.org//sighting/?id=186701,02/08/2013 22:00,Kitchener,ON,Canada,Triangle,"A black semi cloaked, silent aircraft coasts at an altitude of 300 ft, makes a sharp turn to light speed without sonic boom.",,,
762,https://nuforc.org//sighting/?id=182633,01/23/2013 19:30,Sobrado,Porto,Portugal,Disk,"Disk lifted off vertically from top of hill, stopped and hovered over my neighborhood then stopped directly above my backyard",,Y,
763,https://nuforc.org//sighting/?id=175329,01/04/2013 20:59,Pine Bush,NY,USA,Rectangle,Huge rectangle flying object traveling slowly from SE to NW,,Y,
764,https://nuforc.org//sighting/?id=179584,01/01/2013 21:00,Sterling Heights,MI,USA,Triangle,"We noticed this thing from the car, and immediately got out because it was directly above us. We stood in the middle of the street.",,,
765,https://nuforc.org//sighting/?id=180181,12/12/2012 05:00,Carolina Beach,NC,USA,Cross,X Shaped Craft,,Y,
766,https://nuforc.org//sighting/?id=177676,11/01/2012 19:10,Weehawken,NJ,USA,Light,"It was a bright white light orb that sat stationary in the air above the ferry terminal, turned color and kind of zipped out in a flash",,,
767,https://nuforc.org//sighting/?id=165574,10/30/2012 20:00,Warren,PA,USA,Triangle,A large black triangle solid craft with 3 white lights in each corner,,,
768,https://nuforc.org//sighting/?id=119972,09/29/2012 06:50,Lively,VA,USA,Cylinder,"Adult male witnesses very bizarre-looking ""tube-shaped"" object in the vicinity of his home.",,Y,
769,https://nuforc.org//sighting/?id=180058,09/07/2012 23:00,Naples Manor,FL,USA,Triangle,"Large craft, 3 very dim lights, one larger central light. Exterior was translucent against night sky. Near invisible. No sound. Fast",,Y,
770,https://nuforc.org//sighting/?id=182884,08/29/2012 01:00,Smithsburg,MD,USA,Triangle,Black triangle with 3 white lights and 1 red near Camp David,,Y,
771,https://nuforc.org//sighting/?id=184991,08/08/2012 19:00,Escondido,CA,USA,Triangle,"The black triangle had 3 green lights, one at each corner vertices' of the UAP that would change from green to purple, very very slowly",,,
772,https://nuforc.org//sighting/?id=182512,07/07/2012 14:00,Encinitas,CA,USA,Disk,"It was broad daylight, about 2ish in the afternoon.",,,
773,https://nuforc.org//sighting/?id=179054,06/26/2012 12:00,Kalix,Norrbotten County,Sweden,Unknown,Sågs av familj på fyra personer som befann sig i närheten. Fotograferades av hustrun .,,Y,
774,https://nuforc.org//sighting/?id=179450,05/18/2012 17:35,Sacramento,CA,USA,Rectangle,"Craft changed direction, directly above at 30ft, un-aerodynamic, mind control, no sound, no wake, no windows, ability to morph shape",,Y,
775,https://nuforc.org//sighting/?id=176338,04/04/2012 10:30,Kenner,LA,USA,Circle,Round silver object with a dome on top.,,,
776,https://nuforc.org//sighting/?id=176078,03/14/2012 20:30,Boonsboro,MD,USA,Light,Extremely close sighting of a stationary floating light above road in rural town,,,
777,https://nuforc.org//sighting/?id=187216,12/16/2011 00:00,Harrisonville,MO,USA,Triangle,"Lightly glowing blue triangle craft crossed over houses on opposite side of street and directly over us and continued past, lost 2 hrs",,Y,
778,https://nuforc.org//sighting/?id=85621,11/16/2011 18:00,Berlin,WI,USA,Circle,Row of vertical rectangular lights framed by darkness illuminated a circular matte gray object.,,Y,
779,https://nuforc.org//sighting/?id=177008,10/06/2011 18:00,Pottstown and Allentown (between; in flight),PA,USA,Disk,UFO came toward us at great speed and disappeared. We were flying a Cessna 152,,,
780,https://nuforc.org//sighting/?id=182844,08/31/2011 20:30,Youngstown,OH,USA,Changing,"Oval orb translucent gray 15 ft in diameter, 500 ft altitude, silent, a shifting triangular pattern interlocking shifting on surface.",,,
781,https://nuforc.org//sighting/?id=180476,08/20/2011 16:45,Hrubieszów,Lublin Voivodeship,Poland,Triangle,"Stationary matte metalic triangle craft rotating around its own axis (Hz=2.5s interval), tilted by 38 degrees on the North-South axis.",,Y,
782,https://nuforc.org//sighting/?id=178246,08/18/2011 21:00,Cambridge surrounding area,ON,Canada,Disk,Giant flying saucer type craft seen roughly 20 feet above tree line from inside a moving car. Craft had 1 giant beam of light on trees,,,
783,https://nuforc.org//sighting/?id=184042,08/10/2011 23:00,Bainbridge,NY,USA,Triangle,Black craft that blocked the stars from the sky,,,
784,https://nuforc.org//sighting/?id=182247,08/10/2011 01:00,Folsom,CA,USA,Triangle,"Triangular aircraft was spotted 400-800 feet in the sky, eventually following myself and my friend and stopping to hover over the trees",,,
785,https://nuforc.org//sighting/?id=82471,07/13/2011 15:30,Gulf of Mexico,LA,USA,Cylinder,Cylinder -shaped object 75 miles offshore the Gulf of Mexico between Texas and Louisiana border,,,
786,https://nuforc.org//sighting/?id=176243,06/03/2011 22:15,lawrence,KS,USA,Fireball,Orange glowing craft hovering 30 yards about ground,,,
787,https://nuforc.org//sighting/?id=81213,05/08/2011 22:30,Bayfield,CO,USA,Diamond,"Diamond-shaped craft near Bayfield, CO.",,Y,
788,https://nuforc.org//sighting/?id=87319,04/28/2011 15:30,Singapore/Borneo (between) (in flight),,Singapore,Triangle,Black triangular object seen overtaking airplane during flight in Southeast Asia,,,
789,https://nuforc.org//sighting/?id=182810,04/18/2011 03:30,Roresanden,Agder,Norway,Rectangle,Witnessed stealth technology with anti gravity capabilities,,Y,
790,https://nuforc.org//sighting/?id=180059,04/14/2011 23:20,Mitchell,IN,USA,Triangle,"We were walking at the track and I felt something behind me, I looked back and saw it. It was triangular and appeared to be transparent",,Y,
791,https://nuforc.org//sighting/?id=179494,04/01/2011 20:00,Cooloongup,Western Australia,Australia,Triangle,"Black Equilateral triangle, rounded edges, amber lights, blue glow",,Y,
792,https://nuforc.org//sighting/?id=179005,12/12/2010 03:00,Prunedale,CA,USA,Orb,A bright pink ball of light came into our bedroom through our window and hovered in front of my face for roughly 5 minutes.,,,
793,https://nuforc.org//sighting/?id=183382,10/09/2010 19:00,Apple Valley,ID,USA,Disk,UFO hovering over a field,,Y,
794,https://nuforc.org//sighting/?id=175979,10/09/2010 04:00,Lowell,MA,USA,Triangle,Saw a V shape object,,,
795,https://nuforc.org//sighting/?id=125205,09/13/2010 23:30,Hoffman,NC,USA,Triangle,"Enormous black triangle observed by soldiers training near Camp Mackall, NC.",,Y,
796,https://nuforc.org//sighting/?id=180619,08/11/2010 23:59,Cabot,AR,USA,Other,"A bright ball of light came from the south extremely fast, stopped above us, broadcast it's light all around us, then headed north fast",,,
797,https://nuforc.org//sighting/?id=77132,08/11/2010 01:00,Kent,WA,USA,Triangle,"Triangle UFO witnessed in Kent, Washinton at about 1am on Wednesday morning, 8/11/10.",,Y,
798,https://nuforc.org//sighting/?id=178547,07/03/2010 22:20,Easton,PA,USA,Orb,"About 8 orange orbs super high in the sky, almost in an s shape. sitting there for 30 seconds not moving",,,
799,https://nuforc.org//sighting/?id=176343,06/15/2010 13:30,Rye,NH,USA,Cylinder,Tan or grey Vertical cylinder,,,
800,https://nuforc.org//sighting/?id=75667,06/02/2010 21:10,Tempe,AZ,USA,Disk,"Saucer shape, flying over Tempe, 6-7 white lights making a pattern as flew south. June 2, 2010 at apx, 9:10pm.",,Y,
801,https://nuforc.org//sighting/?id=75647,06/01/2010 22:56,Rouyn-Noranda,QC,Canada,Triangle,Black triangle / lights formation in triangle shape sighting with sound,,Y,
802,https://nuforc.org//sighting/?id=183268,06/01/2010 14:00,Blairsville,GA,USA,Sphere,Large silver orb which quickly accelerated into sky,,,
803,https://nuforc.org//sighting/?id=177784,05/15/2010 15:00,West Chester,OH,USA,Triangle,Very Large Black Triangle Shaped Craft Hovering,,,
804,https://nuforc.org//sighting/?id=184161,04/01/2010 07:00,Orchard Park,NY,USA,Teardrop,UFO sighting in the morning and ET encounter that night,,,
805,https://nuforc.org//sighting/?id=139369,03/17/2010 11:32,Plano,IL,USA,Disk,Daytime flying saucer that was in between its cloaking phase,,Y,
806,https://nuforc.org//sighting/?id=176663,03/03/2010 21:12,Swannanoa,NC,USA,Triangle,Large black triangle craft,,,
807,,,,,,,,,,
808,https://nuforc.org//sighting/?id=187129,02/15/2010 03:00,,England,United Kingdom,Circle,Newcastle bank birtley.. I saw a black hockey puck shaped object with a ring of red lights on the underside,,Y,
809,https://nuforc.org//sighting/?id=186551,01/03/2010 18:00,Mexicali,Baja California,Mexico,Disk,Circle with lights around spinning and one in the center illuminated.,,,
810,https://nuforc.org//sighting/?id=176197,11/26/2009 03:25,Mechanicsville,VA,USA,Triangle,Saw what looked like a meteor (red/orange tail) the craft was over my car 3 blue “lights” on corners of ceaft,,Y,
811,https://nuforc.org//sighting/?id=165609,11/15/2009 18:00,Grand Bay,AL,USA,Unknown,"Traveling south towards Gulf of Mexico around 6pm November, 2009 a very large craft was seen traveling very slowly.",,,
812,https://nuforc.org//sighting/?id=179323,09/02/2009 01:00,McCordsville,IN,USA,Teardrop,"Smooth BLK oval object approached and scanned us as while night-walking near our home, again through my kitchen window the next night.",,,
813,https://nuforc.org//sighting/?id=180846,08/12/2009 00:00,Pateros,WA,USA,Triangle,Black triangle craft silent teleportation technology very advanced.,,Y,
814,https://nuforc.org//sighting/?id=178524,08/10/2009 20:00,Summerdale,PA,USA,Formation,"Group of people in parking lot saw apparentl pentagram shaped craft in sky over nearby mountain,",,Y,
815,https://nuforc.org//sighting/?id=177015,07/11/2009 20:59,Grand Marais,MN,USA,Unknown,"A hovering, silent craft with blinking colored lights sat over our cabin lake",,,
816,https://nuforc.org//sighting/?id=181661,06/16/2009 14:15,Addison,TX,USA,Rectangle,"Large as a football field, noiseless, hovering ~ 300 ft from the ground, no one else around me saw it, they ignored it",,Y,
817,https://nuforc.org//sighting/?id=181286,06/01/2009 22:33,Rapid City,SD,USA,Rectangle,"Witnessed an 8"" x 2ft. black rectangle with blurred hind portion appearing out of the fog about 15ft. in the air.",,,
818,https://nuforc.org//sighting/?id=182110,11/04/2008 21:00,Las Vegas,NV,USA,Triangle,Slow & Silent Black Acute Triangle,,Y,
819,https://nuforc.org//sighting/?id=185493,11/01/2008 03:00,Brookston,IN,USA,Light,"Awoken from sleep, brought onto a UFO, put onto a table aboard the UFO",,,
820,https://nuforc.org//sighting/?id=178548,10/15/2008 13:30,About 2 hours South of San Francisco on Interstate 5 driving,CA,USA,Oval,Blimp Landing in farm field exploded into hundreds of orbs that then took off in all directions.,,,
821,https://nuforc.org//sighting/?id=180155,08/05/2008 02:00,Blythe,CA,USA,Light,"What looked like a satellite drifting across the night sky over Blythe, CA conducted three circles and stopped",,,
822,https://nuforc.org//sighting/?id=183612,07/25/2008 20:00,Ashland,OR,USA,Orb,"3 glowing orbs that changed colors from Red, Blue, Green, purple and pink floating in sky and eventually launched opposite directions",,,
823,https://nuforc.org//sighting/?id=64323,07/04/2008 22:35,Excelsior,MN,USA,Formation,"Formation of 10 to 12 square shaped objects observed over Excelsior, MN",,Y,
824,https://nuforc.org//sighting/?id=64261,07/02/2008 16:20,Lexington,KY,USA,Cross,Transparent  cross shaped object  at high altitude caught glare from sun and vanished seconds later,,Y,
825,https://nuforc.org//sighting/?id=180114,06/11/2008 15:00,San Leandro,CA,USA,Circle,Walking from our home to a shopping area an extremely large disc shaped ship sideview was above us stopped then woosh it went up,,,
826,https://nuforc.org//sighting/?id=184033,05/01/2008 21:00,Lafayette,CA,USA,Triangle,A continous stream of craft coming up and over Mt Diablo.,,,
827,https://nuforc.org//sighting/?id=61043,01/08/2008 19:00,Salado,TX,USA,Formation,Very immense in size. Maybe related to stepheville sighting,,,
828,https://nuforc.org//sighting/?id=61591,12/21/2007 22:00,Flushing,NY,USA,Triangle,Triangle shaped object with red lights in New York,,Y,
829,https://nuforc.org//sighting/?id=186864,12/16/2007 09:00,Roseville,CA,USA,Disk,Stereotypical Flying Saucer,,,
830,https://nuforc.org//sighting/?id=183413,11/05/2007 06:00,Lansing,MI,USA,Rectangle,"Large, silent, solid black rectangle comes from the west, higher sky and swoops down overhead heading east",,Y,
831,https://nuforc.org//sighting/?id=186790,09/17/2007 06:50,Newport,KY,USA,Cube,"A rectangular craft with four long rectangular windows along the side, four red lights above it, and a cube shaped craft to the right",,Y,
832,https://nuforc.org//sighting/?id=177042,09/15/2007 21:00,Deep River,CT,USA,Triangle,Close up Sighting 2007,,,
833,https://nuforc.org//sighting/?id=166837,09/08/2007 01:00,Waterboro,ME,USA,Oval,Son abducted and tested on,,Y,
834,https://nuforc.org//sighting/?id=184208,08/08/2007 08:30,Omnigovi,,Mongolia,Cylinder,Fast moving cylinder,,,
835,https://nuforc.org//sighting/?id=175547,07/19/2007 19:00,Linda,CA,USA,Triangle,Black triangle UFO hovering over my dad's pickup truck,,,Planet/Star?
836,https://nuforc.org//sighting/?id=180210,06/14/2007 20:28,Arcadia,CA,USA,Triangle,"It looked like the typical traingle/ TR3B UFO most other people described. EXTREMELY low, barely scraping a nearby phone pole",,,
837,https://nuforc.org//sighting/?id=177851,05/01/2007 17:00,Mt. Vernon,KY,USA,Disk,Saw and interacted with a UFO,,,
838,https://nuforc.org//sighting/?id=56012,03/30/2007 14:15,Rockville,MD,USA,Cigar,"I was taking a break and laying on the sidewalk in front of our office looking straight up into the sky. The weather was clear, visibil",,Y,
839,https://nuforc.org//sighting/?id=184618,02/26/2007 08:00,Jackson,MS,USA,Disk,The incident happened around spring time of 2007. I can't remember the exact month. But it was between January and April of that year.,,,
840,https://nuforc.org//sighting/?id=53115,10/27/2006 20:00,Hutchinson,KS,USA,Triangle,"Big, silent V-shaped craft with about 8 circle shaped  very dark dimmed lights or windows fly over home.",,Y,
841,https://nuforc.org//sighting/?id=187766,10/10/2006 18:41,Rockland,ID,USA,Disk,"Seen two disks with a bulge on the top like in the movies, watched for about 15 minutes with my dad and they shot off north.",,,
842,https://nuforc.org//sighting/?id=179448,08/14/2006 23:00,Tacoma,WA,USA,Triangle,Black triangle with red lights,,Y,
843,https://nuforc.org//sighting/?id=174542,06/01/2006 22:30,Pink,OK,USA,Circle,Mother and three children witness an illuminating object above them at night while driving home in rural Oklahoma,,Y,
844,https://nuforc.org//sighting/?id=183468,12/31/2005 06:00,Astoria,OR,USA,Disk,"It was just sitting in the sky above the trees, very close, beams coming from bottom, had windows.",,Y,
845,https://nuforc.org//sighting/?id=183402,12/01/2005 17:00,Everett,MA,USA,Disk,"Enormous disk shaped craft. Roughly 200 ft above a 2 story apartment building during bright, clear day.",,,
846,https://nuforc.org//sighting/?id=178773,11/16/2005 18:25,Oklahoma city,OK,USA,Circle,"It was couple miles wide, and long, black, orange glow in the center.",,,
847,https://nuforc.org//sighting/?id=175580,09/01/2005 20:00,Tucson,AZ,USA,Oval,It was more of an encounter. a pure white light hovered over us. no rays. no beams. starred for about 40 seconds and zipped off.,,,
848,https://nuforc.org//sighting/?id=54781,08/15/2005 21:00,USS Enterprise (at sea),,Unspecified,,Unknown craft lands on carrier deck.,,,
849,https://nuforc.org//sighting/?id=178036,08/02/2005 23:00,Coalinga,CA,USA,Triangle,A commercial jet-sized grayish metallic boomerang with 4 bright lights witnessed performing gravity-defying maneuvers over Interstate 5,,Y,
850,https://nuforc.org//sighting/?id=186224,07/08/2005 22:30,Joshua Tree,CA,USA,Orb,Orb acts like satellite descends over a mountain and flashes a great light across the sky turns it off zips back to sky acting satellit,,,
851,https://nuforc.org//sighting/?id=46249,06/02/2005 18:00,St. Louis,MO,USA,Cylinder,"Bizarre, shiny, cylindrical object that moved intelligently for 15 minutes in broad daylight (St. Louis).",,Y,
852,https://nuforc.org//sighting/?id=178544,06/01/2005 20:00,Harlingen,TX,USA,Orb,White bright Orb seen traveling parallel to ground traveling northbound at an unexplainable speed.,,Y,
853,https://nuforc.org//sighting/?id=43933,05/13/2005 00:18,Kirkland,WA,USA,Triangle,Black Triangle,,Y,
854,https://nuforc.org//sighting/?id=43465,04/09/2005 19:09,Sidney,TX,USA,Triangle,English words identified on black triangular craft.,,Y,
855,https://nuforc.org//sighting/?id=186105,03/01/2005 03:00,Opelika,AL,USA,Disk,Gigantic disk craft hovering over pond,,Y,
856,https://nuforc.org//sighting/?id=41489,01/12/2005 19:05,Lancaster,CA,USA,Triangle,Triangular craft flies over highway... low altitude... then disappears only to reappear later,,Y,
857,https://nuforc.org//sighting/?id=176949,11/09/2004 01:00,Apple Valley,MN,USA,Disk,"I saw a UFO that was brightly lit, with a pattern on the side, in the middle of the night.",,,
858,https://nuforc.org//sighting/?id=176002,10/17/2004 01:00,Cheshire,Cheshire West and Chester,United Kingdom,Circle,Interaction with UAP on our vehicle,,,
859,https://nuforc.org//sighting/?id=183264,09/26/2004 18:30,Young Harris,GA,USA,Cylinder,Saw a cylindrical object low in sky.,,,
860,https://nuforc.org//sighting/?id=179481,09/23/2004 02:30,South Jordan,UT,USA,Chevron,Boomerang type craft slowly moved over top of my home.,,,
861,https://nuforc.org//sighting/?id=39088,09/03/2004 03:30,Akureyri (Iceland),,Iceland,Light,Car buzzed by a bright object,,,
862,https://nuforc.org//sighting/?id=180791,07/01/2004 23:30,West Richland,WA,USA,Unknown,"Saw green lasers appear to fan from clouds and rapidly sweep over the north face of Candy Mountain in West Richland, WA.",,,
863,https://nuforc.org//sighting/?id=36100,04/10/2004 06:00,,CO,USA,,10 silver disks moving rapidly along the front range in colorado springs,,,
864,https://nuforc.org//sighting/?id=35767,03/17/2004 12:15,Santa Monica,CA,USA,Sphere,The craft came from the West out over the Pacific Ocean.  It was flying much higher than the Commercial Jet Traffic over Los Angeles.,,Y,
865,https://nuforc.org//sighting/?id=177386,02/16/2004 17:00,Hypoluxo,FL,USA,Disk,UAP Sighting in Palm Beach County FL in February 2004,,,
866,https://nuforc.org//sighting/?id=34306,01/04/2004 14:30,Fort Myers,FL,USA,Disk,"A silver disk with a bulge on one face, maybe 30 feet across, reflected sunlight and bobbed around at 3-5000 feet.",,Y,
867,https://nuforc.org//sighting/?id=178511,10/21/2003 22:11,Hamilton,MT,USA,Triangle,Huge silent triangle flew from the mountains to the west heading east,,,
868,https://nuforc.org//sighting/?id=31563,09/17/2003 20:30,Atlanta,GA,USA,Egg,"Floating, silent panel of lights",,Y,
869,https://nuforc.org//sighting/?id=180553,08/20/2003 20:43,Tikrit,Saladin Governorate,Iraq,Cylinder,During our occupation of Iraq my squad members and I sighted a craft that was cylindrical it passed over our position,,,
870,https://nuforc.org//sighting/?id=180545,08/16/2003 21:00,Zuni,VA,USA,Triangle,What we all saw was absolutely NOT man made!,,,
871,https://nuforc.org//sighting/?id=181160,07/15/2003 20:30,Middle Island,NY,USA,Oval,Small red lights circling around a large green football object,,,
872,https://nuforc.org//sighting/?id=29665,07/06/2003 00:00,Undisclosed,,Unspecified,Unknown,"HBCCUFO CANADIAN REPORT:  Pictures Of An Unknown Craft, Daylight Sighting.",,,
873,https://nuforc.org//sighting/?id=28647,05/01/2003 22:00,Seattle (West Seattle),WA,USA,Triangle,"Silent, triangular craft sighted over West Seattle",,Y,
874,https://nuforc.org//sighting/?id=28309,03/08/2003 20:15,Greenbelt area,MD,USA,Chevron,"Totally Silent 'Flying Wing' Seen Twice Within D.C. Beltway, March 8, 2003",,Y,
875,https://nuforc.org//sighting/?id=28653,02/16/2003 23:00,Seattle (Juanita area),WA,USA,,"I saw a  GIGANTIC jet black triangle, with lights, come very slowly towards me",,Y,
876,https://nuforc.org//sighting/?id=180657,02/05/2003 02:00,,HI,USA,Oval,Sighted starbord aft flightdeck of CVN-70 Carl Vinson. Roughly 50mi off the coast of Hawaii,,Y,
877,https://nuforc.org//sighting/?id=27412,01/24/2003 18:13,Kingston (Canada),ON,Canada,Triangle,black equilateral triangle with 3 glowing white dome lights at tips... directly above my car,,Y,
878,https://nuforc.org//sighting/?id=182359,10/18/2002 23:00,Omaha,NE,USA,Unknown,Extreme light,,,
879,https://nuforc.org//sighting/?id=181448,09/17/2002 19:10,Dugway,UT,USA,Disk,"Disc shaped, about 100 ft dia. Quite large.   The power in the area went out.",,,
880,https://nuforc.org//sighting/?id=178153,08/23/2002 05:40,"lawton, Fort Sill",OK,USA,Egg,"Off duty, dark out ,alone 3 large red egg shaped things hovering 2 stories high or more with flickering flame",,,
881,https://nuforc.org//sighting/?id=180868,08/13/2002 22:30,Shannon,MS,USA,Circle,Roughly 50 ft. overhead were two enormous crafts with dozens of white lights flashing on and off an random intervals,,,
882,https://nuforc.org//sighting/?id=177021,06/15/2002 02:00,San Quentin,,Mexico,Other,Bright green aurora like bubble filled with an opaque ice color with bicycle wheel spokes of light meeting ta liquid metal colored disk,,Y,
883,https://nuforc.org//sighting/?id=176128,06/05/2002 22:00,Encinitas,CA,USA,Rectangle,A massive 2 football field sized low flying UFO slowly & silently sailed over us & out over the ocean as we were taking a walk,,Y,
884,https://nuforc.org//sighting/?id=186925,06/01/2002 15:00,Sunderland,England,United Kingdom,Oval,Silent fast moving UFO soon followed by 2 scrambled jets,,Y,
885,https://nuforc.org//sighting/?id=175495,03/14/2002 03:30,On my way to petaluma ca . From novato ca,CA,USA,Triangle,Huge black triangle ship. It had no fuel burners or made noise it sat over me for like 2 min,,,
886,https://nuforc.org//sighting/?id=182365,02/01/2002 17:00,Hodsager,,Denmark,Disk,Huge UFO hovering above entry to forest,,,
887,https://nuforc.org//sighting/?id=184072,10/14/2001 02:30,Barnsdall,OK,USA,Rectangle,"Triangle aircraft flying under low overcast clouds, with bright white beams moving independently searching the ground. No sound",,,
888,https://nuforc.org//sighting/?id=182712,09/11/2001 16:30,Milford,ME,USA,Sphere,A silver sphere that emitted an electric blue reflection or force field maybe.,,,
889,https://nuforc.org//sighting/?id=183954,09/07/2001 21:50,Mykolaiv,Mykolaiv Oblast,Ukraine,Other,The most interesting thing is that the object hovering near the chimney of the natural gas boiler room reacted to me.,,Y,
890,https://nuforc.org//sighting/?id=177288,07/21/2001 23:00,Meadville,PA,USA,Orb,I encountered aliens in the woods while playing hide and seek with family.,,Y,
891,https://nuforc.org//sighting/?id=179451,01/23/2001 22:00,New York,NY,USA,Light,"At periscope depth I thought it was a squadron of helicopters in formation. at 12, 2, 6, 8, 10 oclock and 1 at 3 outside the formation.",,,
892,https://nuforc.org//sighting/?id=186855,09/08/2000 14:27,Greencastle,IN,USA,Oval,"Made to look like a ufo or it was a ufo. Looked rubbery no reflect of sun, floated and wobbled probably 53’ft long 10’ft tall",,Y,
893,https://nuforc.org//sighting/?id=183327,09/01/2000 21:00,Holland,MN,USA,Triangle,"Low flying ""cloaked"" triangle",,,
894,https://nuforc.org//sighting/?id=183029,08/12/2000 22:00,Abita Springs,LA,USA,Triangle,A large triangular craft,,,
895,https://nuforc.org//sighting/?id=184828,08/07/2000 21:30,,NV,USA,Triangle,Large triangle with multiple glowing lights,,,
896,https://nuforc.org//sighting/?id=180127,08/04/2000 22:45,Sandown,England,United Kingdom,Triangle,"Night time, very fast, no sound, left a very brief chem trail same colour of the lights, traveled distance across sky disappeared.",,,
897,https://nuforc.org//sighting/?id=186194,07/21/2000 04:45,Shannonville,ON,Canada,Changing,"Not of this world, incredible, just colours in the sky shimmering ,then a Lazer light shone on the next hill,miles away",,,
898,https://nuforc.org//sighting/?id=175835,06/03/2000 22:00,Roscommon,MI,USA,Oval,Pulsing lights on oval shaped craft hovering,,Y,
899,https://nuforc.org//sighting/?id=182167,05/25/2000 22:00,Phoenix,AZ,USA,Rectangle,"Blackish gray rectangle, all of the sudden it just like teleported to about halfway from where it was to me",,,
900,https://nuforc.org//sighting/?id=68600,12/19/1999 15:00,Rio Piedras,PR,USA,Rectangle,A huge rectangular craft with metal ibeams containg a yellow cylinder   I was on the roof of my house  about to clean the leaves wh,,,
901,https://nuforc.org//sighting/?id=184206,08/25/1999 17:30,Lake Como,PA,USA,Changing,"Slow motion fireball, interview, follow up craft",,Y,
902,https://nuforc.org//sighting/?id=181908,06/16/1999 19:30,Bedford,VA,USA,Triangle,Black triangle seen hovering over on ramp to HWY 460.,,,
903,https://nuforc.org//sighting/?id=177376,04/11/1999 20:30,Mcminnville,TN,USA,Triangle,"Noticed a light beaming down on the residence and area listed. We stopped, no noise, no environmental disturbance, gone in an instant.",,Y,
904,https://nuforc.org//sighting/?id=176109,03/10/1999 19:00,Newark,DE,USA,Triangle,"Bright light, tubular V shaped visible against blue sky",,,
905,https://nuforc.org//sighting/?id=56407,02/10/1999 23:00,Lake Makokibatan (Canada),ON,Canada,Orb,Orange sphere descends and touches surface of wilderness lake.,,,
906,https://nuforc.org//sighting/?id=186456,11/17/1998 17:30,Ermioni,,Greece,Disk,"A massive, dome-topped UFO hovering silently in the sky",,,
907,https://nuforc.org//sighting/?id=165596,11/01/1998 01:00,GreenBay,WI,USA,Circle,"1998 GreenBay, WI Sightings of 3 Bright Lights Hovering over Legacy Funeral Home then Became 1 BIG LIGHT and SHOT UP to skies",,,
908,,,,,,,,,,
909,https://nuforc.org//sighting/?id=177324,10/23/1998 16:00,Springfield,MA,USA,Triangle,"Large black triangle, very low, slow, and silent",,,
910,https://nuforc.org//sighting/?id=187554,10/08/1998 16:30,Albuquerque,NM,USA,Cigar,Flew within 30ft of craft off my right wingtip,,,
911,https://nuforc.org//sighting/?id=177644,09/18/1998 23:58,Clinton,CT,USA,Circle,Standing on my back deck at approximately midnight having a cigarette before going to bed a green sphere appeared at tree top level,,,
912,https://nuforc.org//sighting/?id=184287,08/12/1998 23:45,Bryant,AL,USA,Triangle,Black triangle with white lights at approximately 150 yards elevation witnessed from 225 yards distance,,Y,
913,https://nuforc.org//sighting/?id=176365,08/01/1998 21:00,Amherst,MA,USA,Triangle,"Black craft, flat triangle shaped on bottom, pyramid-like on top/from side, hovering silently, moved slowly, then instantly sped off",,,
914,https://nuforc.org//sighting/?id=185842,07/28/1998 02:00,Aldershot,England,United Kingdom,Triangle,I woke up around 2 am to a humming sound.,,,
915,https://nuforc.org//sighting/?id=45433,04/01/1998 03:00,,,Unspecified,Triangle,"Around five years ago, while on one of my many engineering rated work assignments, I spotted three very large triangular objects",,,
916,https://nuforc.org//sighting/?id=183908,11/05/1997 17:30,Danbury,CT,USA,Triangle,I saw an HUGE set of lights almost the same as the Phoenix sitings except both front sides of the mile wide triangle had white lights.,,,
917,https://nuforc.org//sighting/?id=181244,10/31/1997 19:49,Airway Heights,WA,USA,Oval,Saw a Bright Green low flying object with 2 others twice,,,
918,https://nuforc.org//sighting/?id=179669,09/10/1997 19:32,Tonopah,AZ,USA,Triangle,Craft came in contact with us in our RV,,,
919,https://nuforc.org//sighting/?id=67637,09/07/1997 12:00,Gulf of Mexico,LA,USA,Cigar,Mercury colored Cigar shaped USO surfaced near Oil Plarform in Gulf of Mexico,,,
920,https://nuforc.org//sighting/?id=185145,07/30/1997 22:00,Geneva,OH,USA,Rectangle,A large craft came in from over the lake and proceeded to track us as we ran towards our car.,,,
921,https://nuforc.org//sighting/?id=178462,07/27/1997 19:33,Between Santa Cruz and Davenport Ca,CA,USA,Orb,"Noticed in rear view mirror object depending slowly behind us and to our left. Came forward towards us and paralleled our car,",,,
922,https://nuforc.org//sighting/?id=176825,07/04/1997 23:45,Great Falls,MT,USA,Circle,Followed by large glowing ball on moonless night.,,,
923,https://nuforc.org//sighting/?id=2496,07/04/1997 22:00,"Granite City (5min.from St.Louis,MO.)",IL,USA,Light,A blue-green light moved so fast across the sky I had to turn my head to keep up with it.,,,
924,https://nuforc.org//sighting/?id=132106,06/15/1997 18:00,Borrego Springs,CA,USA,Orb,"Superstition Hill UFO sighting summer 1997  I went camping off of Old Kane Springs Road, Borrego Springs, California just south of High",,Y,
925,https://nuforc.org//sighting/?id=180018,06/06/1997 02:45,Waseca,MN,USA,Triangle,"Dark triangle craft spotted (no lights) hovering in the sky, silently.",,Y,
926,https://nuforc.org//sighting/?id=176940,05/31/1997 23:00,Baker City,OR,USA,Circle,Moving lights in the sky.,,Y,
927,https://nuforc.org//sighting/?id=2047,05/27/1997 11:33,,,Australia,Rectangle,a black metallic mass that looked similar to an aircraft carrier on its side (approx length 1500ft long-200-400ft across),,,
928,https://nuforc.org//sighting/?id=185501,04/01/1997 22:30,Wyandotte,MI,USA,Triangle,No lights or sound.,,,
929,https://nuforc.org//sighting/?id=176086,02/01/1997 02:00,"Terrace, BC",BC,Canada,Triangle,Black Triangle approx mile across moving slowly (5 mph est) west direction at 4000 to 6000 foot elevation to clear mountains,,,
930,https://nuforc.org//sighting/?id=185616,09/07/1996 19:30,Monroe,LA,USA,Disk,Dark Gray Disc shaped craft moving from south to north with lights rotating in a circle on the bottom of it.,,,
931,https://nuforc.org//sighting/?id=177595,08/14/1996 16:00,Vancouver,BC,Canada,Unknown,Alien encounter,,,
932,https://nuforc.org//sighting/?id=176174,07/13/1996 22:30,Charlotte,NC,USA,Circle,"1 circular object, red, yellow, green, blue lights spinning, smaller version moves out, up accelerates abnormal speed out of site!!",,,
933,https://nuforc.org//sighting/?id=179580,06/05/1996 03:00,Buckeye,AZ,USA,Light,This thing was cloaked with some light bending tech. producing only a quiet barely perceptible hum,,,
934,https://nuforc.org//sighting/?id=176426,05/09/1996 20:30,Springfield,LA,USA,Triangle,"Triangle craft with 3 lights, no sound and flying low.",,,
935,https://nuforc.org//sighting/?id=176207,03/16/1996 17:55,"Pearl River, NY",NY,USA,Oval,"My husband and I saw a UFO in daylight, pretty close.",,Y,
936,https://nuforc.org//sighting/?id=187319,03/10/1996 20:00,,AL,USA,Circle,"400 feet above us, very very close a bright white/blueish ball appeared. Then it came down to us right above the tree line and stopped.",,,
937,https://nuforc.org//sighting/?id=181740,11/13/1995 03:42,Woodinville,WA,USA,Light,"I woke up to a bright light shining in my window, heard strange and scary sounds, and have missing time (suspected abduction)",,,
938,https://nuforc.org//sighting/?id=183709,10/15/1995 02:30,Four Corners,TX,USA,Other,"I saw a HUGE Ufo the size of a department store & shaped like a 3 story house with gables, etc.",,Y,
939,https://nuforc.org//sighting/?id=180248,10/10/1995 05:30,Sequim,WA,USA,Disk,"Directly over the Old Olympic at about 35 mph fr e to w. It was approx.50 ft.across,quiet w/dome,band of lights spinning,craft stationa",,,
940,https://nuforc.org//sighting/?id=835,09/15/1995 22:00,New York City,NY,USA,,"Woman reports many passengers aboard Staten Isl. ferry witness huge craft rise from, roil water!  Excellent report!  Video prepared.",,,
941,https://nuforc.org//sighting/?id=770,08/25/1995 01:30,Breezewood,PA,USA,,"Prof. race car driver encounters bizarre, bright blue obj. hovering above ground in lonely valley.  Obj. strobes blue, green, streaks",,,
942,https://nuforc.org//sighting/?id=753,08/25/1995 00:40,Adamsville,PA,USA,,"Mother, daughter, friend witness huge, lighted ball streak overhead.  ""Turned whole sky blue.""  Flew N to S.  Size of full moon.",,,
943,https://nuforc.org//sighting/?id=176888,07/13/1995 22:30,Papa flight area,WY,USA,Other,We were responding to an alarm at a peacekeeper missle site in Wyoming. I was a AFC in the United States Air Force.,,,
944,https://nuforc.org//sighting/?id=183574,07/08/1995 01:30,Billingham,,United Kingdom,Disk,Double disc with bell shaped dome 6 foot of ground 5 foot in front of me,,,
945,https://nuforc.org//sighting/?id=178555,06/28/1995 23:50,"Bass River, Yarmouth",MA,USA,Triangle,2 nights in a row,,,
946,https://nuforc.org//sighting/?id=177277,06/22/1995 02:30,Worksop,Nottinghamshire,United Kingdom,Disk,Blocky looking flying saucer.,,,
947,https://nuforc.org//sighting/?id=177088,06/22/1995 02:30,Worksop,Nottinghamshire,United Kingdom,Disk,Blocky looking flying saucer.,,,
948,https://nuforc.org//sighting/?id=185939,06/14/1995 16:00,Sankt Augustin,North Rhine-Westphalia,Germany,Disk,Classic flying saucer with extreme acceleration,,,
949,https://nuforc.org//sighting/?id=183938,06/13/1995 16:00,Hicksville,NY,USA,Circle,Driving on regular suburban street,,,
950,https://nuforc.org//sighting/?id=177429,06/11/1995 13:00,Brooklyn,NY,USA,Cylinder,30 foot high by 15 foot wide Metallic silver smooth cylinder with silently travels from south to north about 100 feet off the ground.,,Y,
951,https://nuforc.org//sighting/?id=185908,05/24/1995 20:00,,PA,USA,Other,A large craft hovered over the car. Next thing we knew we were parked on the side of the road and watched the craft dissappear,,,
952,https://nuforc.org//sighting/?id=182305,05/01/1995 00:00,Killen,AL,USA,Cylinder,Similar to Die Glocke,,,
953,https://nuforc.org//sighting/?id=250,01/07/1995 17:30,McMinnville,TN,USA,,"TN Emer. Man. Agency reports UFO-related flash/explosion near McMinnville, TN.  8-page fax from sheriff's office. Fed. agents.",,,
954,https://nuforc.org//sighting/?id=175932,12/30/1994 03:00,Groveton,NH,USA,Disk,The craft moved swiftly and then seemed to stay still sometimes. Followed us while driving for several miles.,,,
955,https://nuforc.org//sighting/?id=226,12/29/1994 21:45,La Crosse,WA,USA,Chevron,"Three seemingly identical black, delta-shaped, ships with a very bright yellow or white ""headlight.""",,Y,
956,https://nuforc.org//sighting/?id=179733,10/08/1994 19:00,Piru,CA,USA,Disk,Huge low flying craft,,,
957,https://nuforc.org//sighting/?id=180524,08/12/1994 20:30,Athens,MO,USA,Disk,"Fishing in evening w/ friend, disk appeared slowly over tree line above us and lowered over river and followed river until out of sight",,,
958,https://nuforc.org//sighting/?id=178429,06/30/1994 20:00,Canton,OH,USA,Other,Hovering object just above rooftops,,,
959,https://nuforc.org//sighting/?id=174608,06/15/1994 22:00,Dixon,MT,USA,Triangle,"Walking home that night, everything went quiet, in the dark sky I could see a large triangle that was darker than the night sky moving",,,
960,https://nuforc.org//sighting/?id=186608,06/15/1994 21:00,Mountain Lake Park,MD,USA,Rectangle,Craft was around 300ft with 3 dome lights in each corner.,,,
961,https://nuforc.org//sighting/?id=180199,06/01/1994 20:00,Orlando,FL,USA,Light,"Bright ball of light hovers, goes up, flies, then disappears.",,,
962,https://nuforc.org//sighting/?id=184423,05/03/1994 00:00,University Place,WA,USA,Disk,Enroute to local park in the middle of the night me and 3 high school friends spotted a UAP/UFO hovering before zipping off.,,,
963,https://nuforc.org//sighting/?id=43302,03/01/1994 02:00,"Atlantic Ocean (inflight, USN P-3)",,Atlantic Ocean,Cylinder,Dramatic P-3 Orion Encounter,,,
964,https://nuforc.org//sighting/?id=185709,01/01/1994 01:00,Rancho Santa Margarita,CA,USA,Chevron,"A craft hovering outside a large backroom window, seemingly pulsating shape as if a large manta ray.",,,
965,https://nuforc.org//sighting/?id=186924,09/04/1993 12:00,New York,NY,USA,Triangle,September 1993 saturday morning i was riding my dirtbike I stopped to fuel up get a drink out of my backpack and noticed a odd triangle,,Y,
966,https://nuforc.org//sighting/?id=182439,08/20/1993 18:20,Layton,UT,USA,Disk,"Hovering disc zips away in an instant, begins to return, zips away again and is followed by four F-16's",,,
967,https://nuforc.org//sighting/?id=186296,08/05/1993 23:50,Trbovlje,Trbovlje,Slovenia,Circle,Floating in the air with lights.,,,
968,https://nuforc.org//sighting/?id=183370,08/01/1993 19:30,Paducah,KY,USA,Cylinder,"Gray, rotating cylinders above our house",,,
969,https://nuforc.org//sighting/?id=177087,07/29/1993 20:59,Caister on sea.,Norfolk,United Kingdom,Diamond,Black kite/Diamond with lights at each point.,,,
970,https://nuforc.org//sighting/?id=144954,07/01/1993 12:00,Lexington,KY,USA,Teardrop,"Craft in Lexington, teardrop shaped, near University of Kentucky, appearing to children.",,Y,
971,https://nuforc.org//sighting/?id=183810,06/16/1993 06:00,Pottsville,TX,USA,Unknown,UFO in trees at Central Texas farm with possible entity(?),,,
972,https://nuforc.org//sighting/?id=178651,05/20/1993 03:00,Palm City,FL,USA,Light,"Light on horizon zipping around, over several nights, then approached house last night",,,
973,https://nuforc.org//sighting/?id=177514,05/15/1993 11:43,Marine Corps Base Camp Foster,Okinawa Prefecture,Japan,Other,Slowly hovering over the military base towards the Ocean.,,,
974,https://nuforc.org//sighting/?id=179478,04/24/1993 21:00,Glendale,CA,USA,Circle,"30 years ago I saw a UFO, Glendale CA",,,
975,https://nuforc.org//sighting/?id=185053,01/01/1993 19:00,Parkes,New South Wales,Australia,Egg,"Travelling between Parkes and Orange, stationary hovering craft approx 300-500 metres from road",,Y,
976,https://nuforc.org//sighting/?id=187033,08/22/1992 01:30,Antrobus,England,United Kingdom,Triangle,Floated above the lake towards us and then over us,,Y,
977,https://nuforc.org//sighting/?id=165828,07/01/1992 22:00,Botwood,NL,Canada,Triangle,Triangle UFO light tec emotion tec,,,
978,https://nuforc.org//sighting/?id=176265,06/01/1992 20:30,Orfordville,WI,USA,Triangle,Triangle hovering and when moving rapidly changing direction,,,
979,https://nuforc.org//sighting/?id=181259,05/12/1992 19:45,Corydon,IN,USA,Sphere,Large Yellow/orange sphere sailed over highway from North to South,,Y,
980,https://nuforc.org//sighting/?id=183026,04/05/1992 20:00,San Francisco,CA,USA,Changing,A black triangle that morphed into 9 white orbs,,,
981,https://nuforc.org//sighting/?id=179373,01/05/1992 17:45,Sullivan's Island,SC,USA,Other,in attachment,,Y,
982,https://nuforc.org//sighting/?id=184291,10/21/1991 20:30,Buncrana,County Donegal,Ireland,Triangle,A very large black triangle stationary in the sky.,,,
983,https://nuforc.org//sighting/?id=139102,10/01/1991 14:00,Algiers (Algeria),,Algeria,Disk,Silver-colored aircraft over Algeria.,,Y,
984,https://nuforc.org//sighting/?id=176367,08/19/1991 08:15,Belton,TX,USA,Sphere,"Some type of Electrically Propelled, composite fuselage, Craft floated overhead at a slow speed, heading toward Ft. Hood Army Post.",,Y,
985,https://nuforc.org//sighting/?id=182138,02/07/1991 16:00,Chouteau,OK,USA,Egg,"Egg shaped craft, silver, lights, orbs,",,,
986,https://nuforc.org//sighting/?id=174952,01/18/1991 23:00,Szolnok,Jász-Nagykun-Szolnok County,Hungary,Other,"Large bright object slowly and silently glided across the sky, then instantly accelerated and disappeared.",,Y,
987,https://nuforc.org//sighting/?id=184612,01/15/1991 00:15,,,Unspecified,Sphere,A white light descended from high altitude with no noise then moved slowly along unit area as a burning ball that changed colors.,,,
988,https://nuforc.org//sighting/?id=176869,10/24/1990 18:00,"Mutiple places Kelme, Aukstelke, Siauliai",Šiauliai District Municipality,Lithuania,Disk,Disc shaped or upside down hat shaped craft with lights around it.,,Y,
989,https://nuforc.org//sighting/?id=185236,10/01/1990 19:00,Richmond,VA,USA,Diamond,Large diamond shaped craft with white lights at each corner and a larger circular red light in the center.,,,
990,https://nuforc.org//sighting/?id=174678,09/14/1990 21:20,Ewa Beach,HI,USA,Sphere,4 active duty Navy see sphere in sky that splits,,,
991,https://nuforc.org//sighting/?id=176003,07/21/1990 22:15,Cedar,IA,USA,Light,"Hovering above my car saw an Extremely Fast Object hover over me, then it would just rocket at unbelievable speed above Hwy.",,,
992,https://nuforc.org//sighting/?id=179710,11/15/1989 00:00,Fort Irwin,CA,USA,Triangle,3 white lights in a triangle in a stationary small cloud in a cloudless sky turning every 2-3 seconds 2 hours then off,,,
993,https://nuforc.org//sighting/?id=179905,11/06/1989 01:00,Washington,DC,USA,Other,Bizarre silent helicopter,,,
994,https://nuforc.org//sighting/?id=179819,07/13/1989 20:00,Catonsville,MD,USA,Triangle,"Edmondson & Rolling Rd driving suddenly HUGE triangle craft is above us silent, VERY low & NO lights. Follow a fee then it vanished",,,
995,https://nuforc.org//sighting/?id=184603,07/07/1989 03:39,Djemaa Beni Habibi,Jijel Province,Algeria,Circle,flying saucer,,,
996,https://nuforc.org//sighting/?id=164502,07/01/1989 18:00,Poipu,HI,USA,Triangle,"Triangle object, 3 lights @ each corner, larger red/yellow light in center",,Y,
997,https://nuforc.org//sighting/?id=185849,06/09/1989 21:20,Waco,TX,USA,Triangle,It was at night and I could very visibly see the craft silhouette in the city light . It was 4 to 500 ft up. Speed 20 mph. No sound.,,,
998,https://nuforc.org//sighting/?id=178514,09/18/1988 17:46,Surrey,BC,Canada,Disk,We witnessed a large ship about 120 feet above us that was disk like ship that stood still with lights on the outer bottom with no soun,,Y,
999,https://nuforc.org//sighting/?id=186454,08/17/1988 02:00,Battle Ground,WA,USA,Cigar,"Blimp like, very quiet (no sound), moving very slow with warm lights not blinding.",,,
1000,https://nuforc.org//sighting/?id=184831,08/01/1988 04:45,Corpus Christi,TX,USA,Unknown,Very close but they were hidden in a fog,,,
1001,https://nuforc.org//sighting/?id=181203,05/20/1988 14:00,Sonoita,AZ,USA,Circle,"I was active duty in the USAF, a jet engine mechanic and observed three circular crafts",,,
1002,https://nuforc.org//sighting/?id=180144,08/29/1987 12:00,Sonoita,AZ,USA,Circle,After a morning hike I went back to my van and looked up....3 space craft were flying overhead low enough for me to make out details...,,,
1003,https://nuforc.org//sighting/?id=182027,07/14/1987 01:30,Sacramento,CA,USA,Unknown,An experience with an NHI,,Y,
1004,https://nuforc.org//sighting/?id=183190,06/19/1987 10:50,Sonoita,AZ,USA,Sphere,"As I left the creek to get to my car parked along the road I looked up and there were 3 huge gray, silent saucer shaped airborne ships.",,,
1005,https://nuforc.org//sighting/?id=187179,06/12/1987 00:10,Southbury,CT,USA,Circle,A huge black circular disc with colored lights around it. We drove right under it,,Y,
1006,https://nuforc.org//sighting/?id=184759,11/05/1986 20:10,Tacoma,WA,USA,Other,Red Orb hovering over power transformers at substation.,,,
1007,https://nuforc.org//sighting/?id=174978,11/02/1986 22:00,Anaheim,CA,USA,Fireball,"While inside a tent at night in my backyard, I saw a glowing fireball descend & stop above a power pole. A being inside observed me.",,Y,
1008,https://nuforc.org//sighting/?id=175462,10/25/1986 23:45,Fairfield,CT,USA,Triangle,Slow moving black triangle 1000 ft high directly overhead,,,
1009,,,,,,,,,,
1010,https://nuforc.org//sighting/?id=181883,10/15/1986 16:03,Roswell,NM,USA,Disk,"Photographs taken at the crash site at Roswell, wrecked ufo, alien body, nightime, 2 photos one just the ufo ond one what I described.",,,
1011,https://nuforc.org//sighting/?id=184114,08/10/1986 02:02,St. Cloud,MN,USA,Circle,"Was taken into the craft, studied by the greys, had surgery performed, taken back to my kitchen after 4 hours.",,,
1012,https://nuforc.org//sighting/?id=178326,03/12/1986 11:45,Santa Monica,CA,USA,Triangle,"Black triangle, est. football field size, 7-9 dim lights, silent, 10-15mph",,,
1013,https://nuforc.org//sighting/?id=185246,12/23/1985 19:00,Leesville,LA,USA,Disk,UFO seen from vehicle. Sitting still and then accelerating instantly to supersonic speed.,,,
1014,https://nuforc.org//sighting/?id=186443,09/20/1985 21:15,Youngstown,OH,USA,Cigar,"2 objects were hermetically sealed, silent and traveling around cessna speed on approach.",,,
1015,https://nuforc.org//sighting/?id=178034,08/14/1985 11:47,Old Greenwich,NY,USA,Disk,"Enormous craft, broad daylight hovering above my neighbors house",,,
1016,https://nuforc.org//sighting/?id=182005,07/20/1985 18:14,Highland Township,IN,USA,Triangle,Saw a humongous triangular shaped object that was absolutely silent and flying low with white lights in the corners underneath,,,
1017,https://nuforc.org//sighting/?id=177971,11/20/1984 21:00,Columbus,OH,USA,Rectangle,"Rectangular object hovering over parking lot, apparent occupants, instantaneous acceleration and extreme speed.",,Y,
1018,https://nuforc.org//sighting/?id=179523,05/14/1984 03:30,Clinton,MD,USA,Changing,Would start as a pin point of colored light and expand into a circular shape covering a large portion of the sky.,,,
1019,https://nuforc.org//sighting/?id=180043,04/06/1984 20:30,Tucson,AZ,USA,Star,Star burst ship appears in air and shoots across valley lighting up Rincon mountains with search light. Two F15s pursued to no avail.,,,
1020,https://nuforc.org//sighting/?id=178716,02/25/1984 20:30,Winter haven,FL,USA,Circle,Saucer shaped craft with rotating midsection that contained multiple tiny round illuminated windows other multi colored lights all over,,,
1021,https://nuforc.org//sighting/?id=178780,02/25/1984 20:30,Winter haven,FL,USA,Circle,Saucer shaped craft illuminated with multiple colored lights and round port hole windows rotating,,Y,
1022,https://nuforc.org//sighting/?id=180235,01/11/1984 22:00,Chapin,SC,USA,Circle,"Walking my dog, and a bright yellow ball appeared suddenly in the sky. It chased me to my house.",,,
1023,https://nuforc.org//sighting/?id=174645,10/14/1983 23:55,Fair oaks,CA,USA,Unknown,Ufo moved alongside us then slowly flew over us.,,,
1024,https://nuforc.org//sighting/?id=178824,08/19/1983 20:28,Bridgeport,CT,USA,Disk,"Saucer or disk moving south to north around sunset, slowly, silent, with lights.",,,
1025,https://nuforc.org//sighting/?id=182696,07/28/1983 21:30,Greenwood Lake,NY,USA,Other,Extremely Large Quiet Craft moving slow N/E direction with Static Electric Feeling watched for 3 to 5 minutes,,,
1026,https://nuforc.org//sighting/?id=182864,06/15/1983 15:00,Dearborn,MI,USA,Disk,Silver disk hovering over a home. Flew up then over a neighborhood towards Southfield freeway.,,,
1027,https://nuforc.org//sighting/?id=180757,06/04/1983 22:00,Jeannette,PA,USA,Disk,"Late evening sighting, lights moving around silent craft, shape of craft uncertain, sped away faster than eyes could resolve",,,
1028,https://nuforc.org//sighting/?id=38086,04/02/1983 00:00,dont know,,Unspecified,,"Hi,  I’m writing to you because I wanted to talk to someone professional about my experiences. Never have I heard anyone talk about wha",,,
1029,https://nuforc.org//sighting/?id=179877,03/30/1983 21:30,Bethel,CT,USA,Rectangle,"A triangular shape, Pie Shape with lights on sides that had no sound and was still until it darted off.",,Y,
1030,https://nuforc.org//sighting/?id=186846,01/21/1983 16:30,,AZ,USA,Sphere,Large chrome sphere fallowing mountain top,,Y,
1031,https://nuforc.org//sighting/?id=182529,07/01/1982 14:00,Tallahassee,FL,USA,Circle,Softball-sized bright chrome ball on ground that seemed to be brightly lit from the inside.,,,
1032,https://nuforc.org//sighting/?id=67734,10/01/1981 20:00,Hesperia,MI,USA,Oval,Two people in car see green oval object and lost time,,,
1033,https://nuforc.org//sighting/?id=175579,09/01/1981 19:30,Oxon Hill,MD,USA,Disk,"UFO hovering over us, the bottom was moving in a circular motion with flashing lights. It was gone quickly with no sound",,,
1034,https://nuforc.org//sighting/?id=177707,07/25/1981 10:15,Brighton,CO,USA,Disk,A black disk moving in a due west direction at an elevation of approximately 1000 ft.,,,
1035,https://nuforc.org//sighting/?id=182969,07/16/1981 21:15,Lovelock,NV,USA,Other,Object crossed interstate very low in sky and fairly close to our vehicle,,,
1036,https://nuforc.org//sighting/?id=181929,06/20/1981 23:45,Oregonia,OH,USA,Cigar,"Observed large hovering object emitting no sound, with white and red light pattern of light at 100 yards",,,
1037,https://nuforc.org//sighting/?id=183114,03/13/1981 12:58,Pell City,AL,USA,Rectangle,"3' high x 40' wide, silvery or mirror, no lights, no sound, no vibration, quick moving.",,,
1038,https://nuforc.org//sighting/?id=183339,12/25/1980 04:00,Echo Bay,ON,Canada,Disk,Ground-level saucer observed outside the bedroom window.,,,
1039,https://nuforc.org//sighting/?id=177732,07/27/1980 21:04,Springfield,MA,USA,Diamond,"On a summer night in 1980 my cousin, sister and myself seen a flying object literally above house across st for about 5 to 8 minutes",,,
1040,https://nuforc.org//sighting/?id=183628,07/01/1980 20:00,Mooresville,NC,USA,Rectangle,Massive UFO,,,
1041,https://nuforc.org//sighting/?id=38281,03/01/1980 00:30,Oxford,CT,USA,Cigar,Large Cigar shaped object very close.,,Y,
1042,https://nuforc.org//sighting/?id=178736,01/16/1980 23:07,,NJ,USA,Triangle,A triangular uap silently appeared maybe 40-50 ft overhead. It was maybe 25-30 ft long.,,,
1043,https://nuforc.org//sighting/?id=180102,01/10/1980 21:00,Bletchley,England,United Kingdom,Orb,A very bright orb/sphere decended down and hovered right in front of us and it also made a loud humming noise,,Y,
1044,https://nuforc.org//sighting/?id=174586,01/03/1980 16:50,Los Angeles,CA,USA,Disk,A huge brightly-lit aerial object approached and moved behind school buildings and quickly ascended in front of the witnesses.,,Y,
1045,https://nuforc.org//sighting/?id=183794,12/31/1979 18:00,Sunderland,England,United Kingdom,Oval,UFO white with orange glow and tail spotted above houses moving fast and changing direction sharply. Electricity then cut in the house,,,
1046,https://nuforc.org//sighting/?id=174868,10/06/1979 20:50,South Haven,MN,USA,Unknown,Large object with 4 glowing greenish yellow lights sitting on the surface of the lake.,,,
1047,https://nuforc.org//sighting/?id=162710,09/15/1979 20:00,Selden,NY,USA,Cigar,Glowing cigar craft hovering over Middle Country Rd,,,
1048,https://nuforc.org//sighting/?id=178201,08/28/1979 19:00,Blacksburg,SC,USA,Oval,"Still, silent, dull metallic gray object over church.",,,
1049,https://nuforc.org//sighting/?id=181232,08/01/1979 20:30,Germantown,TN,USA,Unknown,4 kids and a Dog,,Y,
1050,https://nuforc.org//sighting/?id=181248,03/17/1979 18:30,Maumee,IN,USA,Unknown,Stationary object with 5 sweeping search lights at treetop level,,Y,
1051,https://nuforc.org//sighting/?id=181946,12/20/1978 21:00,Fort Payne,AL,USA,Disk,Traveling interstate in rural area at night had saucer shaped object fly in front of and over our vehicle.,,,
1052,https://nuforc.org//sighting/?id=176660,10/20/1978 18:30,Boston,MA,USA,Formation,"Two lights rose over the back of the car, shot into the sky, displayed a series of colored lights, jumped around, then disappeared",,,
1053,https://nuforc.org//sighting/?id=183754,10/19/1978 13:00,Kimbolton,England,United Kingdom,Oval,No sound no lights black windows very fast,,,
1054,https://nuforc.org//sighting/?id=177270,09/12/1978 19:00,Loch Arbour,NJ,USA,Other,"A 200 foot gray pencil shaped craft with no sound, came off the ocean and hovered over me, moving at the speed of sound defying physics",,,
1055,https://nuforc.org//sighting/?id=181699,08/08/1978 19:00,Jurupa Valley,CA,USA,Triangle,"No noise, lights going off and on over orange Grove, hovered silently then preceeded across freeway and disappeared very rapidly",,,
1056,https://nuforc.org//sighting/?id=178650,07/15/1978 21:30,Cary,IL,USA,Cigar,Up at a local hangout in a field when slowly an object was flying toward us.,,,
1057,https://nuforc.org//sighting/?id=181155,07/14/1978 20:30,Santa Clarita,CA,USA,Circle,Saw in air and seconds afterwards descended over my swimming pool suspended over water for 2 minutes,,Y,
1058,https://nuforc.org//sighting/?id=178272,07/08/1978 23:56,Englewood Cliffs,NJ,USA,Cone,"It was not a cone shape per se but it was thin, wide and huge.",,,
1059,https://nuforc.org//sighting/?id=175564,06/25/1978 03:30,"sydney, nova scotia",NS,Canada,Diamond,Mother told us after lateshow to check yard for missing bikes,,,
1060,https://nuforc.org//sighting/?id=29019,06/15/1978 21:00,Mancelona,MI,USA,Disk,"We thought our foster daughter was kidding us, until we saw the metallic saucer shaped object humming loudly over the Michigan farmland",,Y,
1061,https://nuforc.org//sighting/?id=35806,05/20/1978 17:00,Atlantic Ocean/Caribbean sea,,Unspecified,Unknown,Supersonic clouds,,,
1062,https://nuforc.org//sighting/?id=182601,03/29/1978 16:00,Miami,FL,USA,Disk,Saw one going down old cutler rd. got to house and there was 3 of them,,,
1063,https://nuforc.org//sighting/?id=183724,10/05/1977 20:00,Duncan,OK,USA,Disk,"Disk hovers over home with no sound, then darts towards space, then darts across entire horizon multiple times before leaving",,Y,
1064,https://nuforc.org//sighting/?id=185008,09/28/1977 19:00,San Diego,CA,USA,Disk,Night sky opened up and 3 discs flew into the light.,,,
1065,https://nuforc.org//sighting/?id=185002,09/09/1977 21:00,Huntington Station,NY,USA,Orb,13 years old with a neighbor. We were chased by a silent orb that was above the tree and hid behind structures to avoid it.,,,
1066,https://nuforc.org//sighting/?id=175119,08/30/1977 19:00,middlefield,CT,USA,Circle,"At the base of low cloud, bottom of saucer craft grayish with ring semi rectangular multi colored lights 100 ft diameter emerged",,,
1067,https://nuforc.org//sighting/?id=179931,06/23/1977 12:00,Prince Edward,ON,Canada,Disk,Silver disk stopped overhead,,,
1068,https://nuforc.org//sighting/?id=176162,06/22/1977 20:00,North Little Rock,AR,USA,Disk,Disk shaped aircraft with rotating lights hovering over tree line,,,
1069,https://nuforc.org//sighting/?id=9958,06/15/1977 03:00,"U.S.Navy-USS Glover AGFF-1-Burmuda Triangle, FL",,Puerto Rico/Burmuda (between),Circle,"I was on watch above the bridge port side when a bright red,orange-round object came out of the sky & approached our ship.The starboard",,,
1070,https://nuforc.org//sighting/?id=184357,06/11/1977 20:30,Houston,TX,USA,Disk,3 Star split then 1 star/UFO Hovered over Tree and siblings chased it and disappeared in a flash.,,,
1071,https://nuforc.org//sighting/?id=177031,06/04/1977 14:00,Bloomington,IN,USA,Disk,"Disk with raised center, hat-like. Windows displayed gradient changing color through the color wheel. I pointed, it zipped away.",,,
1072,https://nuforc.org//sighting/?id=30517,05/15/1977 08:00,Elmont,VA,USA,Disk,silver disk near Elmont Elementary School in 1977,,,
1073,https://nuforc.org//sighting/?id=179973,11/13/1976 22:00,Hastings,MI,USA,Circle,A bright object hovered 100ft over my car with my pregnant girlfriend and myself for 10 minutes. Sped away at impossible speed.,,,
1074,https://nuforc.org//sighting/?id=184993,09/22/1976 21:00,San Diego,CA,USA,Sphere,A 100 foot wide UFO positioned itself above our house and chased a commercial jet,,,
1075,https://nuforc.org//sighting/?id=180662,08/14/1976 02:30,San Jose,CA,USA,Light,Bright red object on/near ground viewed from hillside summit 2500ft above the object,,,
1076,https://nuforc.org//sighting/?id=182324,07/16/1976 19:00,Leesville,LA,USA,Changing,"Drove up on craft less than 100 ft away it took off, went back and hovered over the asphalt road emittind brilliant shimering light.",,,
1077,https://nuforc.org//sighting/?id=176768,07/10/1976 22:00,Brentwood,NY,USA,Triangle,"Boomerang or Triangle shaped air craft with large round lights that did not give off illumination, traveling slowly across the sky",,,
1078,https://nuforc.org//sighting/?id=49035,03/17/1976 18:00,Los Angeles,CA,USA,Disk,I could see vehicles driving eastbound on the 134 freeway & the UFOs passing over the top of them.,,,
1079,https://nuforc.org//sighting/?id=181756,02/15/1976 20:30,Pleasant Hill,AL,USA,Unknown,Bright white light roughly the same apparent size as the moon was following our car. It emitted a rod of red light then vanished.,,Y,
1080,https://nuforc.org//sighting/?id=175140,10/05/1975 12:10,Fresno,CA,USA,Fireball,"While driving, our car lost all power and a huge bright ball shape appeared in our front window in the sky approx. 60 ft. overhead.",,,
1081,https://nuforc.org//sighting/?id=177109,08/22/1975 22:50,Horley,Surrey,United Kingdom,Sphere,Bipedal sphere,,,
1082,https://nuforc.org//sighting/?id=182482,08/16/1975 17:49,Mount Olive,NJ,USA,Disk,A large disk shaped craft hovered across a farm field tree top level.,,Y,
1083,https://nuforc.org//sighting/?id=181687,07/24/1975 01:00,Kenner,LA,USA,Triangle,Watched it slowly glide over my house silently at treetop level,,,
1084,https://nuforc.org//sighting/?id=182017,07/15/1975 20:15,Wentzville,MO,USA,Circle,"UFO hovered over a wheat field behind my Neighborhood and the Masonic Lodge in Wentzville, Missouri.",,,
1085,https://nuforc.org//sighting/?id=183752,07/10/1975 13:04,Ninilchik,AK,USA,Other,Covered the whole sky,,,
1086,https://nuforc.org//sighting/?id=180475,06/14/1975 21:00,San Jose,CA,USA,Triangle,"High speed UFO in a ""V"" shape north to south",,,
1087,https://nuforc.org//sighting/?id=176934,06/09/1975 20:30,Lockhart,TX,USA,Orb,"Chased by a glowing, yellow orb in Lockhart TX. 1975 or 76, in the evening. Looked like the moon",,,
1088,https://nuforc.org//sighting/?id=178430,05/15/1975 22:00,Acton,MA,USA,Rectangle,"Large underside of enormous object, blueish lights - seeming complex intricate industrial looking undercarriage",,,
1089,https://nuforc.org//sighting/?id=187251,04/23/1975 21:00,,FL,USA,Teardrop,Saw battleship sized UFO via Marine CH-53D 1974,,,
1090,https://nuforc.org//sighting/?id=181007,12/21/1974 21:30,Irvine,CA,USA,Triangle,We both saw it up above us about what seemed like 3 mikes,,,
1091,https://nuforc.org//sighting/?id=178404,10/17/1974 15:00,Caracas,Miranda,Venezuela,Triangle,Huge UFO in the shape of an inverted Aztec/Mayan pyramid (sides with angular steps) that was in stealth-colored material (carbon black),,Y,
1092,https://nuforc.org//sighting/?id=177287,10/01/1974 00:00,Bryon,IL,USA,Disk,"The craft looked like the photo purpoted ufo in Passaic, New Jersey, taken July 31, 1952.",,,
1093,https://nuforc.org//sighting/?id=165848,09/04/1974 21:00,Columbia,MD,USA,Disk,"I rented a row boat, my Fraternity Brother, my Girlfriend, and another girl were in the boat. We were on the lake, about in the middle.",,,
1094,https://nuforc.org//sighting/?id=184917,08/16/1974 21:00,Newark,DE,USA,Disk,Flying Saucer ship close to the ground,,,
1095,https://nuforc.org//sighting/?id=182258,06/01/1974 13:37,Ridgecrest,CA,USA,Other,"I saw 2 UFOs, one looked like a jet but flew muich faster, the second looked like a rusty ""Borg ship""",,,
1096,https://nuforc.org//sighting/?id=43303,04/10/1974 07:10,Hallsville,OH,USA,Sphere,Lighted sphere observed hovering in morning sky.,,,
1097,https://nuforc.org//sighting/?id=180667,04/07/1974 18:00,Clarkston,GA,USA,Oval,Floating large oval craft in Clarkston GA around 1974-76 approximately,,,
1098,https://nuforc.org//sighting/?id=179117,11/09/1973 20:00,Fallbrook,CA,USA,Circle,It had an elongated greenish-blue (or turquois) contrail streaming behind,,,
1099,https://nuforc.org//sighting/?id=34726,10/24/1973 00:00,Jacksonville Beach,FL,USA,Changing,You may be surprised that I am reporting this after 30 years. I remember the date clearly as I told myself I would never forget. I have,,,
1100,https://nuforc.org//sighting/?id=179507,10/01/1973 23:00,Sigel,IL,USA,Oval,Oval light appeared and followed alongside a driver in a car.,,Y,
1101,https://nuforc.org//sighting/?id=175153,08/11/1973 03:00,Fayetteville,NC,USA,Disk,"Saw a UFO outside of house hovering over my head and exited so fast, looked t like a streak of lightning.",,,
1102,https://nuforc.org//sighting/?id=180358,07/21/1973 14:00,Buffalo Gap,SD,USA,Disk,Right over our heads.,,,
1103,https://nuforc.org//sighting/?id=181851,06/28/1973 15:00,Franklin,KY,USA,Disk,"I was aged 7 or 8, heard a faint static noise approach from row of trees and saw a silver disc emerge, hovered @ 10 ft. above railroad.",,Y,
1104,https://nuforc.org//sighting/?id=179746,06/15/1973 14:00,Madison,CT,USA,Disk,Grey overcast sky with a shard of sunlight breaking thru & hitting the top of a motionless object. After a minute it flys directly away,,,
1105,https://nuforc.org//sighting/?id=76914,05/22/1973 23:00,"Atlantic Ocean (USCG Cutter ""Spencer"")",,Unspecified,,UFO sighting aboard Coast Guard Cutter Spencer,,,
1106,https://nuforc.org//sighting/?id=177639,05/05/1973 11:30,Long Branch,NJ,USA,Oval,Large silver-gray object hovering over ground as seen from small aircraft,,,
1107,https://nuforc.org//sighting/?id=176165,11/28/1972 04:30,New Orleans,LA,USA,Oval,Saw a large oval silver craft with bright lights in the trees so we stopped,,,
1108,https://nuforc.org//sighting/?id=175816,08/25/1972 01:04,Rolling Meadows,IL,USA,Disk,Silver object hovering around radio tower.,,,
1109,https://nuforc.org//sighting/?id=165820,08/17/1972 23:00,Evanston,IL,USA,Circle,"90 ft saucer, grey with white spinning lights underneath",,,
1110,,,,,,,,,,
1111,https://nuforc.org//sighting/?id=180807,08/12/1972 15:00,Somers,MT,USA,Triangle,Silent craft entered Somers Bay from the South and hovered about 200 ft above the center of the bay for ~ 3 minutes before departing.,,,
1112,https://nuforc.org//sighting/?id=46868,06/26/1972 10:00,Fort Beaufort (South Africa),,South Africa,Egg,Police officers fire shots at UFO in South Africa,,,
1113,https://nuforc.org//sighting/?id=146059,06/15/1972 08:30,Torrington,CT,USA,Disk,Close-up sighting of a flying saucer.,,,
1114,https://nuforc.org//sighting/?id=177375,05/25/1972 15:33,Dehradun,Uttarakhand,India,Disk,A huge flat silvery white object flew a few feet above me in full speed towards Mussoorie a hill station ahead of Dehradun.,,,
1115,https://nuforc.org//sighting/?id=177984,05/09/1972 02:00,White Bear Lake,MN,USA,Cylinder,Woke from sleep and saw an illuminated craft hovering low on the front lawn.,,,
1116,https://nuforc.org//sighting/?id=183324,01/02/1972 21:00,Kinshasa,Kinshasa,Democratic Republic of the Congo,Orb,"Thought it was a shooting star, until it kept coming down and instead of splashing into the river, just stopped and performed maneuvers",,,
1117,https://nuforc.org//sighting/?id=184975,10/13/1971 22:00,Bloemfontein,Free State,South Africa,Orb,Giant white orb appears to hover over rural Farmhouse in 1970's,,,
1118,https://nuforc.org//sighting/?id=183966,07/17/1971 03:00,Whitman,MA,USA,Sphere,30’ Diameter orange spear about 100’ above the tree line,,,
1119,https://nuforc.org//sighting/?id=29623,05/29/1971 21:00,Palos Verde (northeast of),CA,USA,Sphere,"There seemed to be no dissipation of the glow coming from the sphere. It surrounded it, stretched in one direction and stopped!?",,,
1120,https://nuforc.org//sighting/?id=176007,02/16/1971 17:00,Maitland,FL,USA,Cigar,Seen full view ship hovering over trees 40 feet in air!,,,
1121,https://nuforc.org//sighting/?id=177327,09/19/1970 19:00,Willington,CT,USA,Disk,We were tracked by a alien craft.,,,
1122,https://nuforc.org//sighting/?id=177496,02/15/1970 17:34,Mendoza,NY,USA,Unknown,"Craft seen hovering above myself and my mother, orange emitting cold light. Maybe 20 feet above us. No sound.",,,
1123,https://nuforc.org//sighting/?id=183485,12/21/1969 03:30,Aurora,CO,USA,Light,"Big round cylinder light was coming from sky, no sound",,,
1124,https://nuforc.org//sighting/?id=183609,11/15/1969 19:30,Bonn,Nordrhein-Westfalen,Germany,Formation,"Nightime saw 4 disk shaped lights, 1 light moved slowly then dissappeared. 3 lights remained",,,
1125,https://nuforc.org//sighting/?id=186075,10/01/1969 19:00,New York,NY,USA,Oval,Moved a few ft. In front of car stayed right with us a few miles,,,
1126,https://nuforc.org//sighting/?id=176553,08/29/1969 20:30,Raritan,NJ,USA,Triangle,"Close encounter of a hovering ""gun metal gray, metallic platform""",,,
1127,https://nuforc.org//sighting/?id=184170,06/20/1969 17:02,Richmond,VA,USA,Orb,A disc with circling lights flew toward us at high speed and circled the steeple of the church.,,,
1128,https://nuforc.org//sighting/?id=186944,06/17/1969 23:30,Peshawar,Khyber Pakhtunkhwa,Pakistan,Disk,saw three disks hovering over the desert near our installation. Silent. After several minutes shot straight up and disappeared.,,,
1129,https://nuforc.org//sighting/?id=123342,03/17/1969 20:00,Odessa,WA,USA,Disk,"Brilliant metallic, glowing disc shaped craft with red & blue lights in circle at bottom seen in Odessa, WA, 1969.",,Y,
1130,https://nuforc.org//sighting/?id=184992,10/04/1968 18:30,Snowflake,AZ,USA,Triangle,At sunset time triangle object rose up from the hill then disappeared straight west letting sun back in my eyes.,,,
1131,https://nuforc.org//sighting/?id=183198,10/01/1968 18:08,Verona,MO,USA,Oval,Metallic craft.  Very close 15 ft. in front about 10 ft. off ground,,,
1132,https://nuforc.org//sighting/?id=176387,07/19/1968 00:30,Lancaster,SC,USA,Triangle,"I saw a large triangular craft hovering silently , when I approached it began to move off, I ran after it .",,,
1133,https://nuforc.org//sighting/?id=179766,06/15/1968 20:00,Miamisburg,OH,USA,Sphere,Three Flying Disks lights around them.,,,
1134,https://nuforc.org//sighting/?id=177067,06/01/1968 20:30,Wytheville,VA,USA,Circle,Hovering right above me > round dome with Lights,,,
1135,https://nuforc.org//sighting/?id=177410,10/19/1967 22:00,Louisville,KY,USA,Oval,Cigar shaped craft low altitude filled the entire sky,,,
1136,https://nuforc.org//sighting/?id=4192,09/03/1967 21:00,Crestone (near Alamosa),CO,USA,Fireball,"Saw 3 house size balls of fire come straight down, turn to fly horizontal straight at us for 40 miles in 3-4 seconds then pass out of s",,,
1137,https://nuforc.org//sighting/?id=177654,09/01/1967 17:00,La Puente,CA,USA,Disk,Space craft with an alien being standing on top,,,
1138,https://nuforc.org//sighting/?id=176647,08/17/1967 19:00,Marion,MA,USA,Rectangle,A rectangular craft hovered silently never moving for about 10 minutes with some sort of occupant,,,
1139,https://nuforc.org//sighting/?id=187023,07/20/1967 20:00,Spartanburg,SC,USA,Circle,We saw a large silver object that had another level above it. Bright lights around the circular part.,,,
1140,https://nuforc.org//sighting/?id=124892,06/30/1967 22:00,out at sea east coast U.S.,,Internatonal Waters,Light,UFO spotted by U.S Navy ship out at sea in the year of 1967.,,,
1141,https://nuforc.org//sighting/?id=176099,05/26/1967 19:00,"open desert between Gila Bend and Crater Range, near GB AF",AZ,USA,Disk,Atop a hill set a saucer with its doorway open emitting a bright light which formed a triangle.,,,
1142,https://nuforc.org//sighting/?id=181307,12/30/1966 07:15,,TX,USA,Disk,Saw out of the window a very large hot pink glowing saucer on the gro.und. Watched for some minutes until is levitated and away,,Y,
1143,https://nuforc.org//sighting/?id=184559,11/10/1966 05:30,Fort Johnson South,LA,USA,Cigar,Observed iridescent light blue cigar shaped object slowly traveling from my right to left while in basic training at 5:30 AM.,,,
1144,https://nuforc.org//sighting/?id=177300,10/16/1966 02:10,Mount Compass--Mosquito Hill,South Australia,Australia,Disk,"UFO was stationary, hovering about 20 metres above a herd of cows about 100 metres away.",,,
1145,https://nuforc.org//sighting/?id=179081,08/27/1966 20:45,Fort Smith,AR,USA,Disk,"Hovering, round noiseless aircraft with round light in center hovering low over my car.",,,
1146,https://nuforc.org//sighting/?id=165578,08/18/1966 15:00,Nr. Town of Porthmadog (UK/Wales),,United Kingdom,Cigar,"Silver colour, no sound, completely still but could move backwards, forwards and sideways watched 5 mins or more then just disappeared",,,
1147,https://nuforc.org//sighting/?id=185915,08/10/1965 05:00,Fremont,CA,USA,Oval,"Bright silver-white oval body, bright gold legs with landing pads, gold, L-shaped appendage with a red light. Slow rotation, silent.",,,
1148,https://nuforc.org//sighting/?id=184508,08/07/1965 22:00,Iron River,MI,USA,Light,Row of lights with outline of craft around it hovering over Lake Emily then shot away.,,,
1149,https://nuforc.org//sighting/?id=182655,07/16/1965 19:24,Torrance,CA,USA,Circle,At dusk coming from the ocean,,,
1150,https://nuforc.org//sighting/?id=185741,07/15/1965 20:00,South Holland,IL,USA,Circle,It made no sound and hovered silent above our yard. It was about the size of our 2.5 car garage. Showed up suddenly and left suddenly,,,
1151,https://nuforc.org//sighting/?id=181884,07/01/1965 14:00,Lynnwood,WA,USA,Disk,Various lifelong encounters with UFO's and entities,,,
1152,https://nuforc.org//sighting/?id=177321,08/30/1964 20:06,Bronx (Whitestone Bridge (driving toward),NY,USA,Disk,Saw the object about 5 miles from the bridge and the while on the bridge.,,,
1153,https://nuforc.org//sighting/?id=181773,06/07/1964 18:00,Aurora,CO,USA,Disk,"We spotted an object about 1/2 mile away in the sky, close to land, moving erratically like nothing we've ever seen before.",,,
1154,https://nuforc.org//sighting/?id=177586,06/06/1964 11:00,Hancock,NY,USA,Other,Unknown UFO wingless military jet aircraft flying above highway,,,
1155,https://nuforc.org//sighting/?id=184750,08/30/1963 21:00,McPherson,KS,USA,Light,Light appeared over our car and followed us as we drove for 10 to 15 miles.,,,
1156,https://nuforc.org//sighting/?id=187034,01/01/1963 15:33,Mendota,CA,USA,Disk,Mom and Father witness saucer,,,
1157,https://nuforc.org//sighting/?id=180687,09/02/1961 23:00,Timpson,TX,USA,Light,"Sighting #15451 returned 1/2 mile on county rd. 3408 off Hwy. 84 in Timpson, Tx. Area",,,
1158,https://nuforc.org//sighting/?id=187112,06/11/1961 20:00,New Orleans,LA,USA,Disk,Craft was on the ground in a cemetary. It rose straight up very slowly and without sound. Around the outer perimeter and underneath the,,,
1159,https://nuforc.org//sighting/?id=178523,10/05/1960 21:00,Near Kingman,AZ,USA,Disk,"Very large disc about 20 feet across with lights surrounding the bottom, moving very fast.",,,
1160,https://nuforc.org//sighting/?id=182975,07/04/1960 15:00,New York,NY,USA,Disk,Gray Disk in Red Hook 1960s,,,
1161,https://nuforc.org//sighting/?id=182100,06/16/1960 12:57,,-,USA,Circle,"Large disk spinning silently over water (Atlantic Ocean), seen by 4 young people, one Mom and one Police Officer, before increasing spe",,,
1162,https://nuforc.org//sighting/?id=174777,06/08/1960 13:00,Fon du Lac,WI,USA,Oval,Oval object seen hovering by highway 20 miles south of Fon du Lac,,,
1163,https://nuforc.org//sighting/?id=184076,06/01/1960 13:00,Caledonia,WI,USA,Other,Disc shaped with a slight hump at the top.,,,
1164,https://nuforc.org//sighting/?id=174919,09/09/1956 19:20,Nashville,KS,USA,Cigar,My mother said a silver cigar shaped ufo chased us down the road.,,,
1165,https://nuforc.org//sighting/?id=184827,06/12/1956 19:00,,NY,USA,Star,"Sounds crazy, but this really happends. As I've recently turned 80,Im attempting to share what I consider to be critical info",,,
1166,https://nuforc.org//sighting/?id=176729,10/07/1955 21:30,Near McCamey,TX,USA,Light,A bright star like overhead in the dark sky.,,,
1167,https://nuforc.org//sighting/?id=180020,07/17/1954 15:00,Compton,CA,USA,Disk,"This sighting was filmed with a 8mm by one of the little league coach, with me in the foreground.",,,
1168,https://nuforc.org//sighting/?id=176406,06/02/1953 13:45,San Diego,CA,USA,Disk,From the deck of USS Frybarger moored in the inner harbor stern toward the Naval Station,,,
1169,https://nuforc.org//sighting/?id=181320,04/08/1951 16:00,,,Marshall Islands,Disk,Trinity and Beyond documentary 21minutes 5 seconds into documentary to 21 minutes 13 seconds.,,,
1170,https://nuforc.org//sighting/?id=62711,06/01/1950 16:00,Philadelphia,MS,USA,Disk,Childhood sighting of disk witnessed by mother and sons.,,,
1171,https://nuforc.org//sighting/?id=103157,07/08/1947 00:00,,,Unspecified,,Crash site photo album.,,,
1172,https://nuforc.org//sighting/?id=186889,07/03/1947 05:00,Roswell,NM,USA,Disk,Crashed disk on ground with thin foil debris and metal objects. Small child-like humanoid or human in a strange metallic suit.,,Y,
1173,https://nuforc.org//sighting/?id=187017,06/11/1947 07:30,Lakewood,CO,USA,Oval,"Shiny silver disc-shaped object on the ground, rounded like a jelly bean, about the size of a large truck. Vanished.",,,
1174,https://nuforc.org//sighting/?id=42312,04/01/1945 10:00,Pacific Ocean,,Unspecified,Disk,"April, 1945 I saw a disc over our ship, all day as we neard Okinawa.",,,
1175,https://nuforc.org//sighting/?id=182788,04/29/1944 12:00,,,Ukraine,Light,Found 2 Foo-fighters on this vintage WW2 16 MM gun camera footage of a BF-110 firing on 3 DB3 Russian bombers on Youtube Amazing!!!!,,,
1176,https://nuforc.org//sighting/?id=68697,06/16/1071 13:48,Poughkeepsie,NY,USA,Disk,"Approximately at 15:00 my friend spotted object in sky.  He said to me ""hey there is one of those UFO's they talk about"".  I thought he",,,
1177,https://nuforc.org//sighting/?id=163175,,,,Unspecified,,UFO contact we made during Desert Shield in the Indian Ocean.,,,
1178,,,,,,,,,,
